"code_naf";"code_nafa";"libelle_nafa"
"0162Z";"01.62Z-P";"Maréchalerie"
"0729Z";"07.29Z-P";"Orpaillage"
"0811Z";"08.11Z-A";"Extraction de pierres ornementales et de construction et d'ardoise"
"0811Z";"08.11Z-B";"Extraction de calcaire industriel, de gypse et de craie"
"0812Z";"08.12Z-Z";"Exploitation de gravières et sablières, extraction d’argiles et de kaolin"
"0891Z";"08.91Z-Z";"Extraction des minéraux chimiques et d'engrais minéraux"
"0892Z";"08.92Z-Z";"Extraction de tourbe"
"0893Z";"08.93Z-Z";"Production de sel"
"0899Z";"08.99Z-Z";"Autres activités extractives n.c.a."
"0990Z";"09.90Z-P";"Activités de soutien aux autres industries extractives"
"1011Z";"10.11Z-Z";"Transformation et conservation de la viande de boucherie"
"1012Z";"10.12Z-Z";"Transformation et conservation de la viande de volaille"
"1013A";"10.13A-Z";"Préparation industrielle de produits à base de viande"
"1013B";"10.13B-Z";"Charcuterie"
"1020Z";"10.20Z-Z";"Transformation et conservation de poisson, de crustacés et de mollusques"
"1031Z";"10.31Z-Z";"Transformation et conservation de pommes de terre"
"1032Z";"10.32Z-Z";"Préparation de jus de fruits et légumes"
"1039A";"10.39A-P";"Autre transformation et conservation de longue durée de légumes"
"1039B";"10.39B-P";"Transformation et conservation de fruits"
"1041A";"10.41A-Z";"Fabrication d'huiles et graisses brutes"
"1041B";"10.41B-Z";"Fabrication d'huiles et graisses raffinées"
"1042Z";"10.42Z-Z";"Fabrication de margarine et graisses comestibles similaires"
"1051A";"10.51A-Z";"Fabrication de lait liquide et de produits frais"
"1051B";"10.51B-Z";"Fabrication de beurre"
"1051C";"10.51C-Z";"Fabrication de fromage"
"1051D";"10.51D-Z";"Fabrication d'autres produits laitiers"
"1052Z";"10.52Z-Z";"Fabrication de glaces et sorbets"
"1061A";"10.61A-Z";"Meunerie"
"1061B";"10.61B-Z";"Autres activités du travail des grains"
"1062Z";"10.62Z-Z";"Fabrication de produits amylacés"
"1071A";"10.71A-A";"Fabrication industrielle de pain"
"1071A";"10.71A-B";"Fabrication industrielle de pâtisserie fraîche"
"1071C";"10.71C-A";"Boulangerie"
"1071C";"10.71C-B";"Boulangerie-pâtisserie"
"1071D";"10.71D-Z";"Pâtisserie"
"1072Z";"10.72Z-Z";"Fabrication de biscuits, biscottes et pâtisseries de conservation"
"1073Z";"10.73Z-Z";"Fabrication de pâtes alimentaires"
"1081Z";"10.81Z-Z";"Fabrication de sucre"
"1082Z";"10.82Z-Z";"Fabrication de cacao, chocolat et de produits de confiserie"
"1083Z";"10.83Z-Z";"Transformation du thé et du café"
"1084Z";"10.84Z-Z";"Fabrication de condiments et assaisonnements"
"1085Z";"10.85Z-Z";"Fabrication de plats préparés"
"1086Z";"10.86Z-Z";"Fabrication d'aliments homogénéisés et diététiques"
"1089Z";"10.89Z-Z";"Fabrication d'autres produits alimentaires n.c.a."
"1091Z";"10.91Z-Z";"Fabrication d'aliments pour animaux de ferme"
"1092Z";"10.92Z-Z";"Fabrication d'aliments pour animaux de compagnie"
"1101Z";"11.01Z-Q";"Production d'eaux de vie naturelles"
"1101Z";"11.01Z-R";"Fabrication de spiritueux"
"1102A";"11.02A-P";"Fabrication de vins effervescents selon la méthode champenoise ou autres méthodes"
"1103Z";"11.03Z-Z";"Fabrication de cidre et de vins de fruits"
"1104Z";"11.04Z-Z";"Production d'autres boissons fermentées non distillées"
"1105Z";"11.05Z-Z";"Fabrication de bière"
"1106Z";"11.06Z-Z";"Fabrication de malt"
"1107A";"11.07A-Z";"Industrie des eaux de table"
"1107B";"11.07B-Z";"Production de boissons rafraîchissantes"
"1310Z";"13.10Z-A";"Filature et préparation de la laine"
"1310Z";"13.10Z-B";"Moulinage et texturation de la soie et des textiles artificiels ou synthétiques"
"1310Z";"13.10Z-C";"Préparation et filature d'autres fibres"
"1320Z";"13.20Z-A";"Tissage de l'industrie cotonnière"
"1320Z";"13.20Z-B";"Tissage de l'industrie lainière"
"1320Z";"13.20Z-C";"Tissage de soieries"
"1320Z";"13.20Z-D";"Tissage d'autres textiles"
"1330Z";"13.30Z-Z";"Ennoblissement textile"
"1391Z";"13.91Z-Z";"Fabrication d'étoffes à mailles"
"1392Z";"13.92Z-A";"Fabrication de linge de maison et d'articles d'ameublement"
"1392Z";"13.92Z-B";"Fabrication de tapisserie à la main"
"1392Z";"13.92Z-C";"Fabrication de coussins et petits articles textiles divers"
"1392Z";"13.92Z-D";"Voilerie"
"1392Z";"13.92Z-E";"Fabrication d'articles de campement en textile"
"1392Z";"13.92Z-F";"Fabrication de bâches, lambrequins et autres articles en textile"
"1393Z";"13.93Z-Z";"Fabrication de tapis et moquettes"
"1394Z";"13.94Z-Z";"Fabrication de ficelles, cordes et filets"
"1395Z";"13.95Z-Z";"Fabrication de non-tissés, sauf habillement"
"1396Z";"13.96Z-Z";"Fabrication de textiles techniques et industriels"
"1399Z";"13.99Z-A";"Fabrication de feutres"
"1399Z";"13.99Z-B";"Fabrication de tulles, lacets et autres textiles n.c.a"
"1411Z";"14.11Z-Z";"Fabrication de vêtements en cuir"
"1412Z";"14.12Z-Z";"Fabrication de vêtements de travail"
"1413Z";"14.13Z-A";"Modéliste-styliste"
"1413Z";"14.13Z-B";"Fabrication de vêtements féminins sur mesure"
"1413Z";"14.13Z-C";"Fabrication de vêtements masculins sur mesure"
"1413Z";"14.13Z-D";"Chemiserie sur mesure"
"1413Z";"14.13Z-E";"Fabrication de gaines, corsets et autres vêtements sur mesure"
"1413Z";"14.13Z-F";"Fabrication de vêtements de dessus pour hommes et garçonnets"
"1413Z";"14.13Z-G";"Fabrication de vêtements de dessus pour femmes et fillettes"
"1414Z";"14.14Z-Z";"Confection de vêtements de dessous"
"1419Z";"14.19Z-A";"Fabrication de layette"
"1419Z";"14.19Z-B";"Fabrication de chapellerie"
"1419Z";"14.19Z-C";"Modiste"
"1419Z";"14.19Z-D";"Fabrication d'écharpes, cravates, foulards"
"1419Z";"14.19Z-E";"Fabrication d'autres vêtements et accessoires"
"1419Z";"14.19Z-F";"Fabrication d'accessoires en cuir"
"1420Z";"14.20Z-Z";"Fabrication d'articles en fourrure"
"1431Z";"14.31Z-Z";"Fabrication d'articles chaussants à mailles"
"1439Z";"14.39Z-A";"Fabrication de lainages à la main"
"1439Z";"14.39Z-B";"Fabrication de lainages à la machine"
"1511Z";"15.11Z-Z";"Apprêt et tannage des cuirs; préparation et teinture des fourrures"
"1512Z";"15.12Z-A";"Fabrication d'articles de maroquinerie"
"1512Z";"15.12Z-B";"Gainerie"
"1512Z";"15.12Z-C";"Sellerie"
"1512Z";"15.12Z-D";"Bourrellerie"
"1520Z";"15.20Z-A";"Fabrication de sabots"
"1520Z";"15.20Z-B";"Fabrication de chaussures et de bottes"
"1520Z";"15.20Z-C";"Fabrication de chaussures et de bottes sur mesure"
"1610A";"16.10A-Q";"Sciage et rabotage du bois"
"1610A";"16.10A-R";"Fabrication de parquets, moulures et baguettes"
"1610B";"16.10B-Z";"Imprégnation du bois"
"1621Z";"16.21Z-Z";"Fabrication de placage et de panneaux de bois"
"1622Z";"16.22Z-Z";"Fabrication de parquets assemblés"
"1623Z";"16.23Z-Z";"Fabrication de charpentes et d'autres menuiseries"
"1624Z";"16.24Z-A";"Fabrication de caisses et de palettes en bois"
"1624Z";"16.24Z-B";"Tonnellerie"
"1629Z";"16.29Z-A";"Fabrication d'objets divers en bois"
"1629Z";"16.29Z-B";"Vannerie, sparterie, travail de la paille"
"1629Z";"16.29Z-C";"Fabrication d'objets en liège"
"1711Z";"17.11Z-Z";"Fabrication de pâte à papier"
"1712Z";"17.12Z-Z";"Fabrication de papier et de carton"
"1721A";"17.21A-Z";"Fabrication de carton ondulé"
"1721B";"17.21B-Z";"Fabrication de cartonnages"
"1721C";"17.21C-Z";"Fabrication d'emballages en papier"
"1722Z";"17.22Z-Z";"Fabrication d'articles en papier à usage sanitaire ou domestique"
"1723Z";"17.23Z-Z";"Fabrication d'articles de papeterie"
"1724Z";"17.24Z-Z";"Fabrication de papiers peints"
"1729Z";"17.29Z-Z";"Fabrication d'autres articles en papier ou en carton"
"1812Z";"18.12Z-A";"Imprimerie de labeur"
"1812Z";"18.12Z-B";"Sérigraphie de type imprimerie"
"1813Z";"18.13Z-A";"Travaux de préparation d'impression"
"1813Z";"18.13Z-B";"Graphisme-décoration"
"1813Z";"18.13Z-C";"Activités graphiques n.c.a."
"1814Z";"18.14Z-Z";"Reliure et activités connexes"
"1820Z";"18.20Z-Z";"Reproduction d'enregistrements"
"1910Z";"19.10Z-P";"Production de brai et de coke de brai"
"1920Z";"19.20Z-P";"Agglomération de la tourbe"
"2011Z";"20.11Z-Z";"Fabrication de gaz industriels"
"2012Z";"20.12Z-Z";"Fabrication de colorants et de pigments"
"2013A";"20.13A-Z";"Enrichissement et retraitement de matières nucléaires"
"2013B";"20.13B-Z";"Fabrication d'autres produits chimiques inorganiques de base n.c.a."
"2014Z";"20.14Z-A";"Fabrication d'autres produits organiques de base"
"2014Z";"20.14Z-B";"Fabrication de produits de la distillation du bois"
"2015Z";"20.15Z-Z";"Fabrication de produits azotés et d'engrais"
"2016Z";"20.16Z-Z";"Fabrication de matières plastiques de base"
"2017Z";"20.17Z-Z";"Fabrication de caoutchouc synthétique"
"2020Z";"20.20Z-Z";"Fabrication de pesticides et d'autres produits agrochimiques"
"2030Z";"20.30Z-Z";"Fabrication de peintures, vernis, encres et mastics"
"2041Z";"20.41Z-Z";"Fabrication de savons, détergents et produits d'entretien"
"2042Z";"20.42Z-Z";"Fabrication de parfums et de produits pour la toilette"
"2051Z";"20.51Z-Z";"Fabrication de produits explosifs"
"2052Z";"20.52Z-Z";"Fabrication de colles"
"2053Z";"20.53Z-Z";"Fabrication d'huiles essentielles"
"2059Z";"20.59Z-Z";"Fabrication d'autres produits chimiques n.c.a."
"2060Z";"20.60Z-Z";"Fabrication de fibres artificielles ou synthétiques"
"2110Z";"21.10Z-P";"Fabrication d'édulcorants de synthèse"
"2120Z";"21.20Z-P";"Fabrication de substances radioactives de diagnostic et de pansements"
"2211Z";"22.11Z-Z";"Fabrication et rechapage de pneumatiques"
"2219Z";"22.19Z-Z";"Fabrication d'autres articles en caoutchouc"
"2221Z";"22.21Z-Z";"Fabrication de plaques, feuilles, tubes et profilés en matières plastiques"
"2222Z";"22.22Z-Z";"Fabrication d'emballages en matières plastiques"
"2223Z";"22.23Z-Z";"Fabrication d'éléments en matières plastiques pour la construction"
"2229A";"22.29A-Z";"Fabrication de pièces techniques à base de matières plastiques"
"2229B";"22.29B-Z";"Fabrication d'éléments divers en matières plastiques"
"2311Z";"23.11Z-Z";"Fabrication de verre plat"
"2312Z";"23.12Z-Z";"Façonnage et transformation du verre plat"
"2313Z";"23.13Z-A";"Fabrication de verre creux ou autres verres"
"2313Z";"23.13Z-B";"Soufflage de verre"
"2313Z";"23.13Z-C";"Façonnage de verre et de cristal"
"2314Z";"23.14Z-Z";"Fabrication de fibres de verre"
"2319Z";"23.19Z-A";"Fabrication de vitraux"
"2319Z";"23.19Z-B";"Fabrication d'articles techniques en verre"
"2320Z";"23.20Z-Z";"Fabrication de produits réfractaires"
"2331Z";"23.31Z-Z";"Fabrication de carreaux en céramique"
"2332Z";"23.32Z-A";"Fabrication de briques"
"2332Z";"23.32Z-B";"Fabrication de tuiles"
"2332Z";"23.32Z-C";"Fabrication de produits divers en terre cuite"
"2341Z";"23.41Z-Z";"Fabrication d'articles céramiques à usage domestique ou ornemental"
"2342Z";"23.42Z-Z";"Fabrication d'appareils sanitaires en céramique"
"2343Z";"23.43Z-Z";"Fabrication d'isolateurs et pièces isolantes en céramique"
"2344Z";"23.44Z-Z";"Fabrication d'autres produits céramiques à usage technique"
"2349Z";"23.49Z-Z";"Fabrication d'autres produits céramiques"
"2351Z";"23.51Z-Z";"Fabrication de ciment céramiques"
"2352Z";"23.52Z-Z";"Fabrication de chaux et plâtre."
"2361Z";"23.61Z-Z";"Fabrication d'éléments en béton pour la construction"
"2362Z";"23.62Z-Z";"Fabrication d'éléments en plâtre pour la construction"
"2363Z";"23.63Z-Z";"Fabrication de béton prêt à l'emploi"
"2364Z";"23.64Z-Z";"Fabrication de mortiers et bétons secs"
"2365Z";"23.65Z-Z";"Fabrication d'ouvrages en fibre-ciment"
"2369Z";"23.69Z-A";"Fabrication de cheminée décoratives"
"2369Z";"23.69Z-B";"Fabrication d'éléments décoratifs en béton ou en plâtre"
"2370Z";"23.70Z-Z";"Taille, façonnage et finissage de pierres"
"2391Z";"23.91Z-Z";"Fabrication de produits abrasifs"
"2391Z";"23.99Z-Z";"Fabrication d'autres produits minéraux non métalliques n.c.a."
"2410Z";"24.10Z-Z";"Sidérurgie"
"2420Z";"24.20Z-Z";"Fabrication de tubes, tuyaux, profilés creux et accessoires correspondants en acier"
"2431Z";"24.31Z-Z";"Etirage à froid de barres"
"2432Z";"24.32Z-Z";"Laminage à froid de feuillards"
"2433Z";"24.33Z-Z";"Profilage à froid par formage ou pliage"
"2434Z";"24.34Z-Z";"Tréfilage à froid"
"2441Z";"24.41Z-Z";"Production de métaux précieux"
"2442Z";"24.42Z-A";"Production d'aluminium"
"2442Z";"24.42Z-B";"Première transformation de l'aluminium"
"2443Z";"24.43Z-Z";"Métallurgie du plomb, du zinc ou de l'étain"
"2444Z";"24.44Z-Z";"Métallurgie du cuivre"
"2445Z";"24.45Z-Z";"Métallurgie des autres métaux non ferreux"
"2446Z";"24.46Z-Z";"Elaboration et transformation de matières nucléaires"
"2451Z";"24.51Z-Z";"Fonderie de fonte"
"2452Z";"24.52Z-Z";"Fonderie d'acier"
"2453Z";"24.53Z-Z";"Fonderie de métaux légers"
"2454Z";"24.54Z-Z";"Fonderie d'autres métaux non ferreux"
"2511Z";"25.11Z-Z";"Fabrication de structures métalliques et de parties de structures"
"2512Z";"25.12Z-Z";"Fabrication de portes et fenêtres en métal"
"2521Z";"25.21Z-Z";"Fabrication de radiateurs et de chaudières pour le chauffage central"
"2529Z";"25.29Z-Z";"Fabrication d'autres réservoirs, citernes et conteneurs métalliques"
"2530Z";"25.30Z-A";"Fabrication de générateurs de vapeur"
"2530Z";"25.30Z-B";"Chaudronnerie nucléaire"
"2540Z";"25.40Z-Z";"Fabrication d'armes et de munitions"
"2550A";"25.50A-Z";"Forge, estampage, matriçage, métallurgie des poudres"
"2550B";"25.50B-Z";"Découpage, emboutissage"
"2561Z";"25.61Z-A";"Sérigraphie de type marquage"
"2561Z";"25.61Z-B";"Traitement et revêtement des métaux"
"2562A";"25.62A-Z";"Décolletage"
"2562B";"25.62B-Z";"Mécanique industrielle"
"2571Z";"25.71Z-Z";"Fabrication de coutellerie"
"2572Z";"25.72Z-Z";"Fabrication de serrures et de ferrures"
"2573A";"25.73A-Z";"Fabrication de moules et modèles ferrures"
"2573B";"25.73B-A";"Fabrication d'outillage à main"
"2573B";"25.73B-B";"Fabrication d'outillage mécanique"
"2591Z";"25.91Z-Z";"Fabrication de fûts et emballages métalliques similaires"
"2592Z";"25.92Z-Z";"Fabrication d'emballages métalliques légers"
"2593Z";"25.93Z-A";"Fabrication d'articles en fils métalliques et de chaînes"
"2593Z";"25.93Z-B";"Fabrication de ressorts"
"2594Z";"25.94Z-Z";"Fabrication de vis et de boulons"
"2599A";"25.99A-A";"Dinanderie"
"2599A";"25.99A-B";"Autres fabrications d'articles de ménage"
"2599B";"25.99B-A";"Fabrication de petits articles métalliques"
"2599B";"25.99B-B";"Fabrication de coffres-forts"
"2599B";"25.99B-C";"Fabrication d'autres articles métalliques n.c.a."
"2611Z";"26.11Z-A";"Fabrication de composants électroniques (hors capteurs solaires)"
"2611Z";"26.11Z-B";"Fabrication de capteurs solaires photovoltaïques"
"2612Z";"26.12Z-Z";"Fabrication de cartes électroniques assemblées"
"2620Z";"26.20Z-Z";"Fabrication d'ordinateurs et d'autres équipements informatiques"
"2630Z";"26.30Z-Z";"Fabrication d'équipements de communication"
"2640Z";"26.40Z-Z";"Fabrication de produits électroniques grand public"
"2651A";"26.51A-Z";"Fabrication d'équipements d'aide à la navigation"
"2651B";"26.51B-Z";"Fabrication d'instrumentation scientifique et technique"
"2652Z";"26.52Z-Z";"Horlogerie"
"2660Z";"26.60Z-Z";"Fabrication d'équipements d'irradiation médicale, d'équipements électromédicaux et électrothérapeutiques"
"2670Z";"26.70Z-A";"Fabrication de matériels photographiques et cinématographiques"
"2670Z";"26.70Z-B";"Fabrication d'instruments d'optique"
"2680Z";"26.80Z-Z";"Fabrication de supports magnétiques et optiques"
"2711Z";"27.11Z-A";"Fabrication de moteurs électriques"
"2711Z";"27.11Z-B";"Fabrication de transformateurs électriques"
"2711Z";"27.11Z-C";"Fabrication de groupes électrogènes"
"2712Z";"27.12Z-Z";"Fabrication de matériel de distribution et de commande électrique"
"2720Z";"27.20Z-Z";"Fabrication de piles et d'accumulateurs électriques"
"2731Z";"27.31Z-Z";"Fabrication de câbles de fibres optiques"
"2732Z";"27.32Z-Z";"Fabrication d'autres fils et câbles électroniques ou électrique"
"2733Z";"27.33Z-Z";"Fabrication de matériel d'installation électrique"
"2740Z";"27.40Z-A";"Fabrication de lampes"
"2740Z";"27.40Z-B";"Fabrication de luminaires"
"2740Z";"27.40Z-C";"Fabrication d'abat-jour"
"2740Z";"27.40Z-D";"Fabrication d'autres appareils d'éclairage"
"2751Z";"27.51Z-Z";"Fabrication d'appareils électroménagers"
"2752Z";"27.52Z-Z";"Fabrication d'appareils ménagers non électriques"
"2790Z";"27.90Z-Z";"Fabrication d'autres matériels électriques"
"2811Z";"28.11Z-A";"Fabrication de moteurs et turbines, à l'exception des moteurs d'avion et de véhicules"
"2811Z";"28.11Z-B";"Fabrication de turbines éoliennes"
"2812Z";"28.12Z-Z";"Fabrication d'équipements hydrauliques et pneumatiques"
"2813Z";"28.13Z-A";"Fabrication de pompes"
"2813Z";"28.13Z-B";"Fabrication de compresseurs"
"2814Z";"28.14Z-Z";"Fabrication d'autres articles de robinetterie"
"2815Z";"28.15Z-Z";"Fabrication d'engrenages et d'organes mécaniques de transmission"
"2821Z";"28.21Z-A";"Fabrication de fours et brûleurs non solaires"
"2821Z";"28.21Z-B";"Fabrication de chauffages solaires"
"2822Z";"28.22Z-A";"Fabrication d'ascenseurs, monte-charges et escaliers mécaniques"
"2822Z";"28.22Z-B";"Fabrication d'équipements de levage et de manutention"
"2823Z";"28.23Z-Z";"Fabrication de machines de bureau (à l'exception des ordinateurs et équipements périphériques)"
"2824Z";"28.24Z-Z";"Fabrication d'outillage portatif à moteur incorporé"
"2825Z";"28.25Z-A";"Fabrication de capteur solaire à effet de serre"
"2825Z";"28.25Z-B";"Fabrication d'équipements de réfrigération industrielle"
"2825Z";"28.25Z-C";"Fabrication d'équipements aérauliques"
"2829A";"28.29A-A";"Fabrication d'équipements d'emballage et de conditionnement"
"2829A";"28.29A-B";"Fabrication d'appareils de pesage"
"2829B";"28.29B-Z";"Fabrication d'autres machines d'usage général"
"2830Z";"28.30Z-Z";"Fabrication de machines agricoles et forestières"
"2841Z";"28.41Z-Z";"Fabrication de machines-outils pour le travail des métaux"
"2849Z";"28.49Z-Z";"Fabrication d'autres machines-outils"
"2891Z";"28.91Z-Z";"Fabrication de machines pour la métallurgie"
"2892Z";"28.92Z-A";"Fabrication de matériels de mines pour l'extraction"
"2892Z";"28.92Z-B";"Fabrication de matériels de travaux publics"
"2893Z";"28.93Z-Z";"Fabrication de machines pour l'industrie agro-alimentaire"
"2894Z";"28.94Z-Z";"Fabrication de machines pour les industries textiles"
"2895Z";"28.95Z-Z";"Fabrication de machines pour les industries du papier et du carton"
"2896Z";"28.96Z-Z";"Fabrication de machines pour le travail du caoutchouc ou des plastiques"
"2899A";"28.99A-Z";"Fabrication de machines d'imprimerie"
"2899B";"28.99B-Z";"Fabrication d'autres machines spécialisées"
"2910Z";"29.10Z-A";"Construction de voiturettes"
"2910Z";"29.10Z-B";"Construction d'autres véhicules automobiles"
"2920Z";"29.20Z-A";"Fabrication de carrosseries"
"2920Z";"29.20Z-B";"Aménagement de véhicules"
"2920Z";"29.20Z-C";"Fabrication de remorques et de semi-remorques"
"2931Z";"29.31Z-Z";"Fabrication de matériels électriques et électroniques automobiles"
"2932Z";"29.32Z-Z";"Fabrication d'autres équipements automobiles"
"3011Z";"30.11Z-A";"Construction de navires"
"3011Z";"30.11Z-B";"Transformation et équipement des navires"
"3012Z";"30.12Z-Z";"Construction de bateaux de plaisance"
"3020Z";"30.20Z-Z";"Construction de locomotives et d'autre matériel ferroviaire roulant"
"3030Z";"30.30Z-A";"Construction de moteurs pour aéronefs"
"3030Z";"30.30Z-B";"Construction de cellules d'aéronefs"
"3030Z";"30.30Z-C";"Construction de lanceurs et engins spatiaux"
"3040Z";"30.40Z-Z";"Construction de véhicules militaires de combat"
"3091Z";"30.91Z-A";"Construction de motocycles"
"3091Z";"30.91Z-B";"Fabrication d'équipements pour motocycles"
"3092Z";"30.92Z-A";"Construction de bicyclettes"
"3092Z";"30.92Z-B";"Fabrication d'équipements pour bicyclettes"
"3092Z";"30.92Z-C";"Fabrication de véhicules pour invalides et enfants"
"3099Z";"30.99Z-Z";"Fabrication d'autres équipements de transport n.c.a."
"3101Z";"31.01Z-Z";"Fabrication de meubles de bureau et de magasin"
"3102Z";"31.02Z-Z";"Fabrication de meubles de cuisine"
"3103Z";"31.03Z-Z";"Fabrication de matelas"
"3109A";"31.09A-Z";"Fabrication de sièges d'ameublement d'intérieur"
"3109B";"31.09B-A";"Fabrication et finissage de meubles divers"
"3109B";"31.09B-B";"Fabrication de meubles de jardin et d'extérieur"
"3109B";"31.09B-C";"Fabrication de meubles en rotin"
"3211Z";"32.11Z-Z";"Frappe de monnaies"
"3212Z";"32.12Z-Z";"Fabrication d'articles de joaillerie et de bijouterie"
"3213Z";"32.13Z-Z";"Fabrication d'articles de bijouterie fantaisie et articles similaires"
"3220Z";"32.20Z-A";"Lutherie"
"3220Z";"32.20Z-B";"Facteur d'orgues"
"3220Z";"32.20Z-C";"Fabrication d'autres instruments de musique"
"3230Z";"32.30Z-Z";"Fabrication d'articles de sport"
"3240Z";"32.40Z-Z";"Fabrication de jeux et jouets"
"3250A";"32.50A-A";"Fabrication de prothèses dentaires"
"3250A";"32.50A-B";"Fabrication de prothèses et orthèses podales"
"3250A";"32.50A-C";"Fabrication de prothèses et orthèses diverses"
"3250A";"32.50A-D";"Fabrication d'équipements médico-chirurgicaux"
"3250B";"32.50B-P";"Fabrication de lunettes de protection"
"3291Z";"32.91Z-Z";"Fabrication d'articles de brosserie"
"3299Z";"32.99Z-A";"Fabrication de bougies"
"3299Z";"32.99Z-B";"Fabrication d'accessoires du vêtements"
"3299Z";"32.99Z-C";"Fabrication d'articles de Paris, d'arts ou religieux"
"3299Z";"32.99Z-D";"Fabrication d'articles de fumeurs"
"3299Z";"32.99Z-E";"Taxidermie"
"3299Z";"32.99Z-F";"Fabrication d'équipements de protection et de sécurité"
"3299Z";"32.99Z-G";"Fabrication de produits manufacturés non classés ailleurs"
"3311Z";"33.11Z-Z";"Réparation d'ouvrages en métaux"
"3312Z";"33.12Z-A";"Réparation de matériel agricole"
"3312Z";"33.12Z-B";"Réparation d'autres machines"
"3313Z";"33.13Z-Z";"Réparation de matériels électroniques et optiques"
"3314Z";"33.14Z-Z";"Réparation d'équipements électriques"
"3315Z";"33.15Z-Z";"Réparation et maintenance navale"
"3316Z";"33.16Z-Z";"Réparation et maintenance d'aéronefs et d'engins spatiaux"
"3317Z";"33.17Z-Z";"Réparation et maintenance d'autres matériels de transport"
"3319Z";"33.19Z-Z";"Réparation d'autres équipements"
"3320A";"33.20A-Z";"Installation de structures métalliques, chaudronnées et de tuyauterie"
"3320B";"33.20B-Z";"Installation de machines et équipements mécaniques"
"3320C";"33.20C-Z";"Conception d'ensemble et assemblage sur site industriel d'équipements de contrôle des processus industriels"
"3320D";"33.20D-Z";"Installation d'équipements électriques, de matériels électroniques et optiques ou d'autres matériels"
"3700Z";"37.00Z-P";"Entretien de fosses septiques"
"3812Z";"38.12Z-P";"Collecte des déchets nucléaires"
"3821Z";"38.21Z-P";"Incinération des déchets non dangereux et production de cendres et scories associée"
"3822Z";"38.22Z-P";"Traitement et élimination de déchets nucléaires radioactifs"
"3831Z";"38.31Z-A";"Démantèlement d'épaves en vue de la récupération de matières métalliques"
"3831Z";"38.31Z-B";"Démantèlement d'épaves en vue de la récupération de matières non métalliques"
"3832Z";"38.32Z-A";"Traitement de matières métalliques recyclables"
"3832Z";"38.32Z-B";"Traitement de matières non métalliques recyclables"
"3900Z";"39.00Z-P";"Désamiantage"
"4120A";"41.20A-Z";"Construction de maisons individuelles"
"4120B";"41.20B-A";"Construction de bâtiments"
"4120B";"41.20B-B";"Réhabilitation de bâtiments"
"4211Z";"42.11Z-A";"Pose de signalisation routière verticale"
"4211Z";"42.11Z-B";"Aménagement de chaussées"
"4212Z";"42.12Z-Z";"Construction de voies ferrées de surface et souterraines"
"4213A";"42.13A-Z";"Construction d'ouvrages d'art"
"4213B";"42.13B-Z";"Construction et entretien de tunnels"
"4221Z";"42.21Z-A";"Construction d'installations de réseaux pour fluides"
"4221Z";"42.21Z-B";"Forage des puits d'eau"
"4222Z";"42.22Z-A";"Construction de centrales électriques"
"4222Z";"42.22Z-B";"Construction de lignes électriques et de télécommunication"
"4291Z";"42.91Z-Z";"Construction d'ouvrages maritimes et fluviaux"
"4299Z";"42.99Z-P";"Construction d'installations sportives ou récréatives de plain air"
"4311Z";"43.11Z-Z";"Travaux de démolition"
"4312A";"43.12A-Z";"Travaux de terrassement courants et travaux préparatoires"
"4312B";"43.12B-A";"Terrassements"
"4312B";"43.12B-B";"Artificiers"
"4313Z";"43.13Z-Z";"Forages et sondages"
"4321A";"43.21A-A";"Installation d'antennes"
"4321A";"43.21A-B";"Installation électrique"
"4321B";"43.21B-Z";"Travaux d'installation électrique sur la voie publique"
"4322A";"43.22A-Z";"Travaux d'installation d'eau et de gaz en tous locaux"
"4322B";"43.22B-A";"Installation et entretien de climatisation et chaufferie"
"4322B";"43.22B-B";"Installation de chauffage individuel"
"4322B";"43.22B-C";"Entretien de chaudières domestiques"
"4329A";"43.29A-Z";"Travaux d'isolation"
"4329B";"43.29B-A";"Installation d'ascenseurs"
"4329B";"43.29B-B";"Montage de clôtures et de grilles"
"4329B";"43.29B-C";"Installation de stores et bannes"
"4329B";"43.29B-D";"Autres travaux d'installation divers"
"4331Z";"43.31Z-A";"Travaux de plâtrerie d'extérieur"
"4331Z";"43.31Z-B";"Travaux de plâtrerie d'intérieur"
"4332A";"43.32A-A";"Menuiserie bois"
"4332A";"43.32A-B";"Menuiserie PVC"
"4332B";"43.32B-A";"Installation de serres et de vérandas"
"4332B";"43.32B-B";"Métallerie, serrurerie"
"4332C";"43.32C-Z";"Agencement de lieux de vente"
"4333Z";"43.33Z-Z";"Travaux de revêtement des sols et des murs"
"4334Z";"43.34Z-A";"Travaux de miroiterie de bâtiment, vitrerie"
"4334Z";"43.34Z-B";"Travaux de peinture extérieure"
"4334Z";"43.34Z-C";"Travaux de peinture intérieure et peinture plâtrerie"
"4334Z";"43.34Z-D";"Travaux de peinture en lettres sur bâtiments"
"4339Z";"43.39Z-Z";"Autres travaux de finition"
"4391A";"43.91A-Z";"Travaux de charpente"
"4391B";"43.91B-Z";"Travaux de couverture par éléments"
"4399A";"43.99A-Z";"Travaux d'étanchéification"
"4399B";"43.99B-Z";"Travaux de montage de structures métalliques"
"4399C";"43.99C-Z";"Travaux de maçonnerie générale et gros œuvre de bâtiment"
"4399D";"43.99D-A";"Installation de piscines de résidence et construction de piscines non couvertes"
"4399D";"43.99D-B";"Construction de cheminées et de fours industriels"
"4399D";"43.99D-C";"Autres travaux spéciaux de construction"
"4399E";"43.99E-Z";"Location avec opérateur de matériel de construction"
"4520A";"45.20A-A";"Réparation automobile de véhicules automobiles légers: entretien courant"
"4520A";"45.20A-B";"Réparation automobile de véhicules automobiles légers: mécanique"
"4520A";"45.20A-C";"Réparation automobile de véhicules automobiles légers: carrosserie"
"4520A";"45.20A-D";"Réparation automobile de véhicules automobiles légers: électricité, électronique"
"4520B";"45.20B-A";"Réparation automobile d'autres véhicules automobiles: entretien courant"
"4520B";"45.20B-B";"Réparation automobile d'autres véhicules automobiles: mécanique"
"4520B";"45.20B-C";"Réparation automobile d'autres véhicules automobiles: diesel"
"4520B";"45.20B-D";"Réparation automobile d'autres véhicules automobiles: carrosserie"
"4520B";"45.20B-E";"Réparation automobile d'autres véhicules automobiles: électricité, électronique"
"4540Z";"45.40Z-P";"Réparation de motocycles"
"4722Z";"47.22Z-A";"Boucherie"
"4722Z";"47.22Z-B";"Boucherie charcuterie"
"4722Z";"47.22Z-C";"Boucherie chevaline"
"4722Z";"47.22Z-D";"Volailles, gibiers"
"4722Z";"47.22Z-E";"Triperie"
"4723Z";"47.23Z-P";"Préparation de poissons, crustacés et mollusques"
"4729Z";"47.29Z-P";"Crémerie-fromagerie et préparations à base de lait ou de fromage"
"4776Z";"47.76Z-P";"Commerce de détail de fleurs"
"4781Z";"47.81Z-Q";"Boucherie sur éventaires et marchés"
"4781Z";"47.81Z-R";"Boucherie charcuterie sur éventaires et marchés"
"4781Z";"47.81Z-S";"Boucherie chevaline sur éventaires et marchés"
"4781Z";"47.81Z-T";"Volailles, gibiers sur éventaires et marchés"
"4781Z";"47.81Z-U";"Triperie sur éventaires et marchés"
"4781Z";"47.81Z-V";"Préparation de poissons, crustacés, mollusques sur éventaires, marchés"
"4781Z";"47.81Z-W";"Crémerie-fromagerie et préparations à base de lait ou de fromage sur éventaire, marchés"
"4789Z";"47.89Z-P";"Commerce de détail de fleurs sur éventaires et marchés"
"4932Z";"49.32Z-A";"Taxis"
"4932Z";"49.32Z-B";"Location de voitures avec chauffeur"
"4942Z";"49.42Z-Z";"Services de déménagement"
"5040Z";"50.40Z.Z";"Transports fluviaux de fret"
"5221Z";"52.21Z-P";"Assistance et remorquage de véhicules automobiles"
"5610A";"56.10A-P";"Fabrication culinaire artisanale de plats à consommer sur place"
"5610C";"56.10C-Q";"Fabrication artisanale associée à la vente de plats pour consommation immédiate en magasins sédentaires ou sur éventaire"
"5610C";"56.10C-R";"Fabrication artisanale associée à la vente de plats pour consommation immédiate en véhicules motorisés ou non"
"5819Z";"58.19Z-P";"Autres activités d'édition Edition d'imprimés fiduciaires, imprimés commerciaux, formulaires imprimés"
"7120A";"71.20A-Z";"Contrôle technique automobile"
"7311Z";"73.11Z-P";"Pose d'affiches, publicité aérienne, distribution de prospectus et d'échantillons publicitaires"
"7410Z";"74.10Z-P";"Conception de modèles pour étalages et décoration"
"7420Z";"74.20Z-Q";"Studio de photographie"
"7420Z";"74.20Z-R";"Portrait, reportage"
"7420Z";"74.20Z-S";"Photographie industrielle et publicitaire"
"7420Z";"74.20Z-T";"Laboratoires techniques de développement et de tirage"
"8020Z";"80.20Z-P";"Activité de surveillance et installation de systèmes d'alarme non dissociées"
"8121Z";"81.21Z-Z";"Nettoyage courant des bâtiments"
"8122Z";"81.22Z-Z";"Autres activités de nettoyage des bâtiments et nettoyage industriel"
"8129A";"81.29A-Z";"Désinfection, désinsectisation, dératisation"
"8129B";"81.29B-P";"Autres services de nettoyage"
"8211Z";"82.11Z-P";"Services administratifs divers"
"8219Z";"82.19Z-P";"Travaux à façon divers:"
"8292Z";"82.92Z-Z";"Activités de conditionnement"
"8690A";"86.90A-Z";"Ambulances"
"9001Z";"90.01Z-P";"Spectacles de marionnettes"
"9003A";"90.03A-P";"Restauration d'objets d'art"
"9511Z";"95.11Z-Z";"Réparation d'ordinateurs et d'équipements périphériques"
"9512Z";"95.12Z-Z";"Réparation d'équipements de communication"
"9521Z";"95.21Z-Z";"Réparation de produits électroniques grand public"
"9522Z";"95.22Z-A";"Réparation de tondeuses à gazon"
"9522Z";"95.22Z-B";"Réparation d'appareils électroménagers"
"9523Z";"95.23Z-Z";"Réparation de chaussures et d'articles en cuir"
"9524Z";"95.24Z-Z";"Réparation de meubles et d'équipements du foyer"
"9525Z";"95.25Z-Z";"Réparation d'articles d'horlogerie et de bijouterie"
"9529Z";"95.29Z-A";"Aiguisage de coutellerie"
"9529Z";"95.29Z-B";"Réparation de cycles"
"9529Z";"95.29Z-C";"Atelier de retouches"
"9529Z";"95.29Z-D";"Réparation d'articles de sport et de campement"
"9529Z";"95.29Z-E";"Accordeurs de piano et restauration d'autres instruments de musique"
"9529Z";"95.29Z-F";"Réparation non classées ailleurs"
"9601A";"96.01A-Z";"Blanchisserie-teinturerie de gros"
"9601B";"96.01B-Q";"Laveries, blanchisserie et teintureries de détail"
"9601B";"96.01B-R";"Pressings"
"9602A";"96.02A-A";"Coiffure en salon"
"9602A";"96.02A-B";"Coiffure hors salons"
"9602B";"96.02B-A";"Soins de beauté en salon"
"9602B";"96.02B-B";"Soins de beauté hors salon"
"9603Z";"96.03Z-P";"Embaumement, soins mortuaires"
"9609Z";"96.09Z-P";"Toilettage d'animaux de compagnie"
