"year","code_ape_a732","prd_fpt","accuracy_fpt","unit","libelle_ape_a732"
2025,"01.11Z",2146,2.3,"GCO2E_EUR","Culture de céréales (à l'exception du riz), de légumineuses et de graines oléagineuses"
2025,"01.12Z",2968,3.3,"GCO2E_EUR","Culture du riz"
2025,"01.13Z",964,1.3,"GCO2E_EUR","Culture de légumes, de melons, de racines et de tubercules"
2025,"01.14Z",1256,3.3,"GCO2E_EUR","Culture de la canne à sucre"
2025,"01.15Z",1256,3.3,"GCO2E_EUR","Culture du tabac"
2025,"01.16Z",1256,3.3,"GCO2E_EUR","Culture de plantes à fibres"
2025,"01.19Z",1256,3.3,"GCO2E_EUR","Autres cultures non permanentes"
2025,"01.21Z",562,3.3,"GCO2E_EUR","Culture de la vigne"
2025,"01.22Z",562,3.3,"GCO2E_EUR","Culture de fruits tropicaux et subtropicaux"
2025,"01.23Z",562,3.3,"GCO2E_EUR","Culture d'agrumes"
2025,"01.24Z",562,3.3,"GCO2E_EUR","Culture de fruits à pépins et à noyau"
2025,"01.25Z",562,3.3,"GCO2E_EUR","Culture d'autres fruits d'arbres ou d'arbustes et de fruits à coque"
2025,"01.26Z",562,3.3,"GCO2E_EUR","Culture de fruits oléagineux"
2025,"01.27Z",562,3.3,"GCO2E_EUR","Culture de plantes à boissons"
2025,"01.28Z",1256,3.3,"GCO2E_EUR","Culture de plantes à épices, aromatiques, médicinales et pharmaceutiques"
2025,"01.29Z",910,3.3,"GCO2E_EUR","Autres cultures permanentes"
2025,"01.30Z",628,1.3,"GCO2E_EUR","Reproduction de plantes"
2025,"01.41Z",2563,1.3,"GCO2E_EUR","Élevage de vaches laitières"
2025,"01.42Z",1864,1.3,"GCO2E_EUR","Élevage d'autres bovins et de buffles"
2025,"01.43Z",725,3.3,"GCO2E_EUR","Élevage de chevaux et d'autres équidés"
2025,"01.44Z",725,3.3,"GCO2E_EUR","Élevage de chameaux et d'autres camélidés"
2025,"01.45Z",725,3.3,"GCO2E_EUR","Élevage d'ovins et de caprins"
2025,"01.46Z",725,3.3,"GCO2E_EUR","Élevage de porcins"
2025,"01.47Z",690,1.3,"GCO2E_EUR","Élevage de volailles"
2025,"01.49Z",725,3.3,"GCO2E_EUR","Élevage d'autres animaux"
2025,"01.50Z",1274,3.3,"GCO2E_EUR","Culture et élevage associés"
2025,"01.61Z",326,2.3,"GCO2E_EUR","Activités de soutien aux cultures"
2025,"01.62Z",326,2.3,"GCO2E_EUR","Activités de soutien à la production animale"
2025,"01.63Z",392,3.3,"GCO2E_EUR","Traitement primaire des récoltes"
2025,"01.64Z",392,3.3,"GCO2E_EUR","Traitement des semences"
2025,"01.70Z",353,3.3,"GCO2E_EUR","Chasse, piégeage et services annexes"
2025,"02.10Z",128,3.3,"GCO2E_EUR","Sylviculture et autres activités forestières"
2025,"02.20Z",128,3.3,"GCO2E_EUR","Exploitation forestière"
2025,"02.30Z",128,3.3,"GCO2E_EUR","Récolte de produits forestiers non ligneux poussant à l'état sauvage"
2025,"02.40Z",134,2.6,"GCO2E_EUR","Services de soutien à l'exploitation forestière"
2025,"03.11Z",342,4,"GCO2E_EUR","Pêche en mer"
2025,"03.12Z",342,4,"GCO2E_EUR","Pêche en eau douce"
2025,"03.21Z",539,4,"GCO2E_EUR","Aquaculture en mer"
2025,"03.22Z",539,4,"GCO2E_EUR","Aquaculture en eau douce"
2025,"05.10Z",29082,2.3,"GCO2E_EUR","Extraction de houille"
2025,"05.20Z",29082,2.3,"GCO2E_EUR","Extraction de lignite"
2025,"06.10Z",252,3.3,"GCO2E_EUR","Extraction de pétrole brut"
2025,"06.20Z",252,3.3,"GCO2E_EUR","Extraction de gaz naturel"
2025,"07.10Z",252,3.3,"GCO2E_EUR","Extraction de minerais de fer"
2025,"07.21Z",252,3.3,"GCO2E_EUR","Extraction de minerais d'uranium et de thorium"
2025,"07.29Z",252,3.3,"GCO2E_EUR","Extraction d'autres minerais de métaux non ferreux"
2025,"08.11Z",193,3.6,"GCO2E_EUR","Extraction de pierres ornementales et de construction, de calcaire industriel, de gypse, de craie et d'ardoise"
2025,"08.12Z",205,3.5,"GCO2E_EUR","Exploitation de gravières et sablières, extraction d'argiles et de kaolin"
2025,"08.91Z",214,3.5,"GCO2E_EUR","Extraction des minéraux chimiques et d'engrais minéraux"
2025,"08.92Z",215,3.5,"GCO2E_EUR","Extraction de tourbe"
2025,"08.93Z",210,3.5,"GCO2E_EUR","Production de sel"
2025,"08.99Z",210,3.5,"GCO2E_EUR","Autres activités extractives n.c.a."
2025,"09.10Z",142,2.3,"GCO2E_EUR","Activités de soutien à l'extraction d'hydrocarbures"
2025,"09.90Z",142,2.3,"GCO2E_EUR","Activités de soutien aux autres industries extractives"
2025,"10.11Z",623,2.2,"GCO2E_EUR","Transformation et conservation de la viande de boucherie"
2025,"10.12Z",426,1.5,"GCO2E_EUR","Transformation et conservation de la viande de volaille"
2025,"10.13A",615,2.2,"GCO2E_EUR","Préparation industrielle de produits à base de viande"
2025,"10.13B",560,2.2,"GCO2E_EUR","Charcuterie"
2025,"10.20Z",360,1.5,"GCO2E_EUR","Transformation et conservation de poisson, de crustacés et de mollusques"
2025,"10.31Z",426,2.8,"GCO2E_EUR","Transformation et conservation de pommes de terre"
2025,"10.32Z",468,2.7,"GCO2E_EUR","Préparation de jus de fruits et légumes"
2025,"10.39A",465,2.6,"GCO2E_EUR","Autre transformation et conservation de légumes"
2025,"10.39B",458,2.7,"GCO2E_EUR","Transformation et conservation de fruits"
2025,"10.41A",478,2.2,"GCO2E_EUR","Fabrication d'huiles et graisses brutes"
2025,"10.41B",385,2.2,"GCO2E_EUR","Fabrication d'huiles et graisses raffinées"
2025,"10.42Z",385,2.2,"GCO2E_EUR","Fabrication de margarine et graisses comestibles similaires"
2025,"10.51A",690,2.2,"GCO2E_EUR","Fabrication de lait liquide et de produits frais"
2025,"10.51B",710,2.2,"GCO2E_EUR","Fabrication de beurre"
2025,"10.51C",553,1.5,"GCO2E_EUR","Fabrication de fromage"
2025,"10.51D",661,2.2,"GCO2E_EUR","Fabrication d'autres produits laitiers"
2025,"10.52Z",490,1.5,"GCO2E_EUR","Fabrication de glaces et sorbets"
2025,"10.61A",631,2.2,"GCO2E_EUR","Meunerie"
2025,"10.61B",597,2.2,"GCO2E_EUR","Autres activités du travail des grains"
2025,"10.62Z",1171,1.5,"GCO2E_EUR","Fabrication de produits amylacés"
2025,"10.71A",313,2.2,"GCO2E_EUR","Fabrication industrielle de pain et de pâtisserie fraîche"
2025,"10.71B",296,2.2,"GCO2E_EUR","Cuisson de produits de boulangerie"
2025,"10.71C",287,2.3,"GCO2E_EUR","Boulangerie et boulangerie-pâtisserie"
2025,"10.71D",287,2.3,"GCO2E_EUR","Pâtisserie"
2025,"10.72Z",312,2.2,"GCO2E_EUR","Fabrication de biscuits, biscottes et pâtisseries de conservation"
2025,"10.73Z",315,2.2,"GCO2E_EUR","Fabrication de pâtes alimentaires"
2025,"10.81Z",382,2.5,"GCO2E_EUR","Fabrication de sucre"
2025,"10.82Z",417,2.5,"GCO2E_EUR","Fabrication de cacao, chocolat et de produits de confiserie"
2025,"10.83Z",280,1.6,"GCO2E_EUR","Transformation du thé et du café"
2025,"10.84Z",289,1.6,"GCO2E_EUR","Fabrication de condiments et assaisonnements"
2025,"10.85Z",356,3.2,"GCO2E_EUR","Fabrication de plats préparés"
2025,"10.86Z",347,3.2,"GCO2E_EUR","Fabrication d'aliments homogénéisés et diététiques"
2025,"10.89Z",310,3.2,"GCO2E_EUR","Fabrication d'autres produits alimentaires n.c.a."
2025,"10.91Z",578,2.2,"GCO2E_EUR","Fabrication d'aliments pour animaux de ferme"
2025,"10.92Z",417,1.5,"GCO2E_EUR","Fabrication d'aliments pour animaux de compagnie"
2025,"11.01Z",330,1.5,"GCO2E_EUR","Production de boissons alcooliques distillées"
2025,"11.02A",296,2.2,"GCO2E_EUR","Fabrication de vins effervescents"
2025,"11.02B",323,2.2,"GCO2E_EUR","Vinification"
2025,"11.03Z",315,2.2,"GCO2E_EUR","Fabrication de cidre et de vins de fruits"
2025,"11.04Z",294,2.2,"GCO2E_EUR","Production d'autres boissons fermentées non distillées"
2025,"11.05Z",326,1.5,"GCO2E_EUR","Fabrication de bière"
2025,"11.06Z",525,2.2,"GCO2E_EUR","Fabrication de malt"
2025,"11.07A",264,2.7,"GCO2E_EUR","Industrie des eaux de table"
2025,"11.07B",261,2.7,"GCO2E_EUR","Production de boissons rafraîchissantes"
2025,"12.00Z",185,1.4,"GCO2E_EUR","Fabrication de produits à base de tabac"
2025,"13.10Z",244,1.9,"GCO2E_EUR","Préparation de fibres textiles et filature"
2025,"13.20Z",196,3.5,"GCO2E_EUR","Tissage"
2025,"13.30Z",154,3,"GCO2E_EUR","Ennoblissement textile"
2025,"13.91Z",194,3.5,"GCO2E_EUR","Fabrication d'étoffes à mailles"
2025,"13.92Z",193,3.5,"GCO2E_EUR","Fabrication d'articles textiles, sauf habillement"
2025,"13.93Z",212,2,"GCO2E_EUR","Fabrication de tapis et moquettes"
2025,"13.94Z",196,3.6,"GCO2E_EUR","Fabrication de ficelles, cordes et filets"
2025,"13.95Z",207,3.5,"GCO2E_EUR","Fabrication de non-tissés, sauf habillement"
2025,"13.96Z",195,3.5,"GCO2E_EUR","Fabrication d'autres textiles techniques et industriels"
2025,"13.99Z",188,3.6,"GCO2E_EUR","Fabrication d'autres textiles n.c.a."
2025,"14.11Z",160,3.6,"GCO2E_EUR","Fabrication de vêtements en cuir"
2025,"14.12Z",180,3.5,"GCO2E_EUR","Fabrication de vêtements de travail"
2025,"14.13Z",179,3.5,"GCO2E_EUR","Fabrication de vêtements de dessus"
2025,"14.14Z",179,3.5,"GCO2E_EUR","Fabrication de vêtements de dessous"
2025,"14.19Z",168,3.6,"GCO2E_EUR","Fabrication d'autres vêtements et accessoires"
2025,"14.20Z",175,3.5,"GCO2E_EUR","Fabrication d'articles en fourrure"
2025,"14.31Z",172,3.5,"GCO2E_EUR","Fabrication d'articles chaussants à mailles"
2025,"14.39Z",166,3.6,"GCO2E_EUR","Fabrication d'autres articles à mailles"
2025,"15.11Z",164,2.9,"GCO2E_EUR","Apprêt et tannage des cuirs ; préparation et teinture des fourrures"
2025,"15.12Z",150,3.1,"GCO2E_EUR","Fabrication d'articles de voyage, de maroquinerie et de sellerie"
2025,"15.20Z",167,2.8,"GCO2E_EUR","Fabrication de chaussures"
2025,"16.10A",173,4,"GCO2E_EUR","Sciage et rabotage du bois, hors imprégnation"
2025,"16.10B",154,4,"GCO2E_EUR","Imprégnation du bois"
2025,"16.21Z",178,4,"GCO2E_EUR","Fabrication de placage et de panneaux de bois"
2025,"16.22Z",178,4,"GCO2E_EUR","Fabrication de parquets assemblés"
2025,"16.23Z",169,4,"GCO2E_EUR","Fabrication de charpentes et d'autres menuiseries"
2025,"16.24Z",170,4,"GCO2E_EUR","Fabrication d'emballages en bois"
2025,"16.29Z",170,4,"GCO2E_EUR","Fabrication d'objets divers en bois ; fabrication d'objets en liège, vannerie et sparterie"
2025,"17.11Z",720,1.4,"GCO2E_EUR","Fabrication de pâte à papier"
2025,"17.12Z",562,2.3,"GCO2E_EUR","Fabrication de papier et de carton"
2025,"17.21A",343,2.4,"GCO2E_EUR","Fabrication de carton ondulé"
2025,"17.21B",338,2.4,"GCO2E_EUR","Fabrication de cartonnages"
2025,"17.21C",241,1.4,"GCO2E_EUR","Fabrication d'emballages en papier"
2025,"17.22Z",406,1.4,"GCO2E_EUR","Fabrication d'articles en papier à usage sanitaire ou domestique"
2025,"17.23Z",242,1.4,"GCO2E_EUR","Fabrication d'articles de papeterie"
2025,"17.24Z",341,3.3,"GCO2E_EUR","Fabrication de papiers peints"
2025,"17.29Z",332,3.3,"GCO2E_EUR","Fabrication d'autres articles en papier ou en carton"
2025,"18.11Z",204,4,"GCO2E_EUR","Imprimerie de journaux"
2025,"18.12Z",194,4,"GCO2E_EUR","Autre imprimerie (labeur)"
2025,"18.13Z",170,4,"GCO2E_EUR","Activités de pré-presse"
2025,"18.14Z",161,4,"GCO2E_EUR","Reliure et activités connexes"
2025,"18.20Z",208,4,"GCO2E_EUR","Reproduction d'enregistrements"
2025,"19.10Z",1051,4,"GCO2E_EUR","Cokéfaction"
2025,"19.20Z",1051,4,"GCO2E_EUR","Raffinage du pétrole"
2025,"20.11Z",1357,1.4,"GCO2E_EUR","Fabrication de gaz industriels"
2025,"20.12Z",415,1.4,"GCO2E_EUR","Fabrication de colorants et de pigments"
2025,"20.13A",1866,3.3,"GCO2E_EUR","Enrichissement et retraitement de matières nucléaires"
2025,"20.13B",1866,3.3,"GCO2E_EUR","Fabrication d'autres produits chimiques inorganiques de base n.c.a."
2025,"20.14Z",803,2.4,"GCO2E_EUR","Fabrication d'autres produits chimiques organiques de base"
2025,"20.15Z",1557,1.4,"GCO2E_EUR","Fabrication de produits azotés et d'engrais"
2025,"20.16Z",803,2.4,"GCO2E_EUR","Fabrication de matières plastiques de base"
2025,"20.17Z",784,3.3,"GCO2E_EUR","Fabrication de caoutchouc synthétique"
2025,"20.20Z",420,1.4,"GCO2E_EUR","Fabrication de pesticides et d'autres produits agrochimiques"
2025,"20.30Z",393,2.1,"GCO2E_EUR","Fabrication de peintures, vernis, encres et mastics"
2025,"20.41Z",481,1.4,"GCO2E_EUR","Fabrication de savons, détergents et produits d'entretien"
2025,"20.42Z",413,1.4,"GCO2E_EUR","Fabrication de parfums et de produits pour la toilette"
2025,"20.51Z",556,3.3,"GCO2E_EUR","Fabrication de produits explosifs"
2025,"20.52Z",571,1.4,"GCO2E_EUR","Fabrication de colles"
2025,"20.53Z",554,3.3,"GCO2E_EUR","Fabrication d'huiles essentielles"
2025,"20.59Z",550,3.3,"GCO2E_EUR","Fabrication d'autres produits chimiques n.c.a."
2025,"20.60Z",796,3.3,"GCO2E_EUR","Fabrication de fibres artificielles ou synthétiques"
2025,"21.10Z",207,4,"GCO2E_EUR","Fabrication de produits pharmaceutiques de base"
2025,"21.20Z",198,4,"GCO2E_EUR","Fabrication de préparations pharmaceutiques"
2025,"22.11Z",320,4,"GCO2E_EUR","Fabrication et rechapage de pneumatiques"
2025,"22.19Z",320,4,"GCO2E_EUR","Fabrication d'autres articles en caoutchouc"
2025,"22.21Z",330,4,"GCO2E_EUR","Fabrication de plaques, feuilles, tubes et profilés en matières plastiques"
2025,"22.22Z",312,4,"GCO2E_EUR","Fabrication d'emballages en matières plastiques"
2025,"22.23Z",319,4,"GCO2E_EUR","Fabrication d'éléments en matières plastiques pour la construction"
2025,"22.29A",291,4,"GCO2E_EUR","Fabrication de pièces techniques à base de matières plastiques"
2025,"22.29B",310,4,"GCO2E_EUR","Fabrication de produits de consommation courante en matières plastiques"
2025,"23.11Z",584,2.4,"GCO2E_EUR","Fabrication de verre plat"
2025,"23.12Z",562,2.4,"GCO2E_EUR","Façonnage et transformation du verre plat"
2025,"23.13Z",622,2.4,"GCO2E_EUR","Fabrication de verre creux"
2025,"23.14Z",336,1.4,"GCO2E_EUR","Fabrication de fibres de verre"
2025,"23.19Z",638,2.4,"GCO2E_EUR","Fabrication et façonnage d'autres articles en verre, y compris verre technique"
2025,"23.20Z",531,3.3,"GCO2E_EUR","Fabrication de produits réfractaires"
2025,"23.31Z",519,3.3,"GCO2E_EUR","Fabrication de carreaux en céramique"
2025,"23.32Z",607,3.3,"GCO2E_EUR","Fabrication de briques, tuiles et produits de construction, en terre cuite"
2025,"23.41Z",653,3.3,"GCO2E_EUR","Fabrication d'articles céramiques à usage domestique ou ornemental"
2025,"23.42Z",515,3.3,"GCO2E_EUR","Fabrication d'appareils sanitaires en céramique"
2025,"23.43Z",615,3.3,"GCO2E_EUR","Fabrication d'isolateurs et pièces isolantes en céramique"
2025,"23.44Z",622,3.3,"GCO2E_EUR","Fabrication d'autres produits céramiques à usage technique"
2025,"23.49Z",598,3.3,"GCO2E_EUR","Fabrication d'autres produits céramiques"
2025,"23.51Z",2237,1.4,"GCO2E_EUR","Fabrication de ciment"
2025,"23.52Z",1431,1.4,"GCO2E_EUR","Fabrication de chaux et plâtre"
2025,"23.61Z",695,2.4,"GCO2E_EUR","Fabrication d'éléments en béton pour la construction"
2025,"23.62Z",689,3.8,"GCO2E_EUR","Fabrication d'éléments en plâtre pour la construction"
2025,"23.63Z",653,3.8,"GCO2E_EUR","Fabrication de béton prêt à l'emploi"
2025,"23.64Z",632,3.9,"GCO2E_EUR","Fabrication de mortiers et bétons secs"
2025,"23.65Z",682,3.3,"GCO2E_EUR","Fabrication d'ouvrages en fibre-ciment"
2025,"23.69Z",865,3.3,"GCO2E_EUR","Fabrication d'autres ouvrages en béton, en ciment ou en plâtre"
2025,"23.70Z",321,1.5,"GCO2E_EUR","Taille, façonnage et finissage de pierres"
2025,"23.91Z",267,1.4,"GCO2E_EUR","Fabrication de produits abrasifs"
2025,"23.99Z",455,3.3,"GCO2E_EUR","Fabrication d'autres produits minéraux non métalliques n.c.a."
2025,"24.10Z",991,3.7,"GCO2E_EUR","Sidérurgie"
2025,"24.20Z",1143,3.7,"GCO2E_EUR","Fabrication de tubes, tuyaux, profilés creux et accessoires correspondants en acier"
2025,"24.31Z",1623,3.4,"GCO2E_EUR","Étirage à froid de barres"
2025,"24.32Z",1546,3.4,"GCO2E_EUR","Laminage à froid de feuillards"
2025,"24.33Z",1202,3.6,"GCO2E_EUR","Profilage à froid par formage ou pliage"
2025,"24.34Z",1088,3.7,"GCO2E_EUR","Tréfilage à froid"
2025,"24.41Z",764,3.6,"GCO2E_EUR","Production de métaux précieux"
2025,"24.42Z",796,3.7,"GCO2E_EUR","Métallurgie de l'aluminium"
2025,"24.43Z",655,3.9,"GCO2E_EUR","Métallurgie du plomb, du zinc ou de l'étain"
2025,"24.44Z",615,3.8,"GCO2E_EUR","Métallurgie du cuivre"
2025,"24.45Z",705,3.8,"GCO2E_EUR","Métallurgie des autres métaux non ferreux"
2025,"24.46Z",809,3.9,"GCO2E_EUR","Élaboration et transformation de matières nucléaires"
2025,"24.51Z",643,3.6,"GCO2E_EUR","Fonderie de fonte"
2025,"24.52Z",650,3.5,"GCO2E_EUR","Fonderie d'acier"
2025,"24.53Z",668,3.6,"GCO2E_EUR","Fonderie de métaux légers"
2025,"24.54Z",707,3.4,"GCO2E_EUR","Fonderie d'autres métaux non ferreux"
2025,"25.11Z",325,2.1,"GCO2E_EUR","Fabrication de structures métalliques et de parties de structures"
2025,"25.12Z",323,2.1,"GCO2E_EUR","Fabrication de portes et fenêtres en métal"
2025,"25.21Z",273,4,"GCO2E_EUR","Fabrication de radiateurs et de chaudières pour le chauffage central"
2025,"25.29Z",232,2.9,"GCO2E_EUR","Fabrication d'autres réservoirs, citernes et conteneurs métalliques"
2025,"25.30Z",260,2.2,"GCO2E_EUR","Fabrication de générateurs de vapeur, à l'exception des chaudières pour le chauffage central"
2025,"25.40Z",167,2.2,"GCO2E_EUR","Fabrication d'armes et de munitions"
2025,"25.50A",270,3.5,"GCO2E_EUR","Forge, estampage, matriçage ; métallurgie des poudres"
2025,"25.50B",320,3.5,"GCO2E_EUR","Découpage, emboutissage"
2025,"25.61Z",194,2.4,"GCO2E_EUR","Traitement et revêtement des métaux"
2025,"25.62A",227,2.9,"GCO2E_EUR","Décolletage"
2025,"25.62B",201,2.4,"GCO2E_EUR","Mécanique industrielle"
2025,"25.71Z",254,2.4,"GCO2E_EUR","Fabrication de coutellerie"
2025,"25.72Z",192,3.6,"GCO2E_EUR","Fabrication de serrures et de ferrures"
2025,"25.73A",141,3.2,"GCO2E_EUR","Fabrication de moules et modèles"
2025,"25.73B",171,3.6,"GCO2E_EUR","Fabrication d'autres outillages"
2025,"25.91Z",207,2.6,"GCO2E_EUR","Fabrication de fûts et emballages métalliques similaires"
2025,"25.92Z",249,2.7,"GCO2E_EUR","Fabrication d'emballages métalliques légers"
2025,"25.93Z",203,1.9,"GCO2E_EUR","Fabrication d'articles en fils métalliques, de chaînes et de ressorts"
2025,"25.94Z",229,2.9,"GCO2E_EUR","Fabrication de vis et de boulons"
2025,"25.99A",200,3.6,"GCO2E_EUR","Fabrication d'articles métalliques ménagers"
2025,"25.99B",207,3.5,"GCO2E_EUR","Fabrication d'autres articles métalliques"
2025,"26.11Z",161,4,"GCO2E_EUR","Fabrication de composants électroniques"
2025,"26.12Z",190,4,"GCO2E_EUR","Fabrication de cartes électroniques assemblées"
2025,"26.20Z",166,4,"GCO2E_EUR","Fabrication d'ordinateurs et d'équipements périphériques"
2025,"26.30Z",164,4,"GCO2E_EUR","Fabrication d'équipements de communication"
2025,"26.40Z",170,4,"GCO2E_EUR","Fabrication de produits électroniques grand public"
2025,"26.51A",142,4,"GCO2E_EUR","Fabrication d'équipements d'aide à la navigation"
2025,"26.51B",142,4,"GCO2E_EUR","Fabrication d'instrumentation scientifique et technique"
2025,"26.52Z",168,4,"GCO2E_EUR","Horlogerie"
2025,"26.60Z",204,4,"GCO2E_EUR","Fabrication d'équipements d'irradiation médicale, d'équipements électromédicaux et électrothérapeutiques"
2025,"26.70Z",167,4,"GCO2E_EUR","Fabrication de matériels optique et photographique"
2025,"26.80Z",188,4,"GCO2E_EUR","Fabrication de supports magnétiques et optiques"
2025,"27.11Z",239,4,"GCO2E_EUR","Fabrication de moteurs, génératrices et transformateurs électriques"
2025,"27.12Z",244,4,"GCO2E_EUR","Fabrication de matériel de distribution et de commande électrique"
2025,"27.20Z",288,4,"GCO2E_EUR","Fabrication de piles et d'accumulateurs électriques"
2025,"27.31Z",236,4,"GCO2E_EUR","Fabrication de câbles de fibres optiques"
2025,"27.32Z",273,4,"GCO2E_EUR","Fabrication d'autres fils et câbles électroniques ou électriques"
2025,"27.33Z",214,4,"GCO2E_EUR","Fabrication de matériel d'installation électrique"
2025,"27.40Z",229,4,"GCO2E_EUR","Fabrication d'appareils d'éclairage électrique"
2025,"27.51Z",252,4,"GCO2E_EUR","Fabrication d'appareils électroménagers"
2025,"27.52Z",248,4,"GCO2E_EUR","Fabrication d'appareils ménagers non électriques"
2025,"27.90Z",219,4,"GCO2E_EUR","Fabrication d'autres matériels électriques"
2025,"28.11Z",268,4,"GCO2E_EUR","Fabrication de moteurs et turbines, à l'exception des moteurs d'avions et de véhicules"
2025,"28.12Z",200,4,"GCO2E_EUR","Fabrication d'équipements hydrauliques et pneumatiques"
2025,"28.13Z",213,4,"GCO2E_EUR","Fabrication d'autres pompes et compresseurs"
2025,"28.14Z",214,4,"GCO2E_EUR","Fabrication d'autres articles de robinetterie"
2025,"28.15Z",223,4,"GCO2E_EUR","Fabrication d'engrenages et d'organes mécaniques de transmission"
2025,"28.21Z",233,4,"GCO2E_EUR","Fabrication de fours et brûleurs"
2025,"28.22Z",238,4,"GCO2E_EUR","Fabrication de matériel de levage et de manutention"
2025,"28.23Z",233,4,"GCO2E_EUR","Fabrication de machines et d'équipements de bureau (à l'exception des ordinateurs et équipements périphériques)"
2025,"28.24Z",212,4,"GCO2E_EUR","Fabrication d'outillage portatif à moteur incorporé"
2025,"28.25Z",228,4,"GCO2E_EUR","Fabrication d'équipements aérauliques et frigorifiques industriels"
2025,"28.29A",202,4,"GCO2E_EUR","Fabrication d'équipements d'emballage, de conditionnement et de pesage"
2025,"28.29B",229,4,"GCO2E_EUR","Fabrication d'autres machines d'usage général"
2025,"28.30Z",257,4,"GCO2E_EUR","Fabrication de machines agricoles et forestières"
2025,"28.41Z",226,4,"GCO2E_EUR","Fabrication de machines-outils pour le travail des métaux"
2025,"28.49Z",209,4,"GCO2E_EUR","Fabrication d'autres machines-outils"
2025,"28.91Z",212,4,"GCO2E_EUR","Fabrication de machines pour la métallurgie"
2025,"28.92Z",221,4,"GCO2E_EUR","Fabrication de machines pour l'extraction ou la construction"
2025,"28.93Z",209,4,"GCO2E_EUR","Fabrication de machines pour l'industrie agro-alimentaire"
2025,"28.94Z",215,4,"GCO2E_EUR","Fabrication de machines pour les industries textiles"
2025,"28.95Z",222,4,"GCO2E_EUR","Fabrication de machines pour les industries du papier et du carton"
2025,"28.96Z",258,4,"GCO2E_EUR","Fabrication de machines pour le travail du caoutchouc ou des plastiques"
2025,"28.99A",200,4,"GCO2E_EUR","Fabrication de machines d'imprimerie"
2025,"28.99B",208,4,"GCO2E_EUR","Fabrication d'autres machines spécialisées"
2025,"29.10Z",181,1.6,"GCO2E_EUR","Construction de véhicules automobiles"
2025,"29.20Z",188,2,"GCO2E_EUR","Fabrication de carrosseries et remorques"
2025,"29.31Z",201,2,"GCO2E_EUR","Fabrication d'équipements électriques et électroniques automobiles"
2025,"29.32Z",248,2,"GCO2E_EUR","Fabrication d'autres équipements automobiles"
2025,"30.11Z",161,4,"GCO2E_EUR","Construction de navires et de structures flottantes"
2025,"30.12Z",160,4,"GCO2E_EUR","Construction de bateaux de plaisance"
2025,"30.20Z",178,4,"GCO2E_EUR","Construction de locomotives et d'autre matériel ferroviaire roulant"
2025,"30.30Z",181,4,"GCO2E_EUR","Construction aéronautique et spatiale"
2025,"30.40Z",178,4,"GCO2E_EUR","Construction de véhicules militaires de combat"
2025,"30.91Z",193,4,"GCO2E_EUR","Fabrication de motocycles"
2025,"30.92Z",170,4,"GCO2E_EUR","Fabrication de bicyclettes et de véhicules pour invalides"
2025,"30.99Z",159,4,"GCO2E_EUR","Fabrication d'autres équipements de transport n.c.a."
2025,"31.01Z",206,4,"GCO2E_EUR","Fabrication de meubles de bureau et de magasin"
2025,"31.02Z",197,4,"GCO2E_EUR","Fabrication de meubles de cuisine"
2025,"31.03Z",225,4,"GCO2E_EUR","Fabrication de matelas"
2025,"31.09A",199,4,"GCO2E_EUR","Fabrication de sièges d'ameublement d'intérieur"
2025,"31.09B",206,4,"GCO2E_EUR","Fabrication d'autres meubles et industries connexes de l'ameublement"
2025,"32.11Z",185,4,"GCO2E_EUR","Frappe de monnaie"
2025,"32.12Z",201,4,"GCO2E_EUR","Fabrication d'articles de joaillerie et bijouterie"
2025,"32.13Z",175,4,"GCO2E_EUR","Fabrication d'articles de bijouterie fantaisie et articles similaires"
2025,"32.20Z",153,4,"GCO2E_EUR","Fabrication d'instruments de musique"
2025,"32.30Z",202,4,"GCO2E_EUR","Fabrication d'articles de sport"
2025,"32.40Z",211,4,"GCO2E_EUR","Fabrication de jeux et jouets"
2025,"32.50A",183,4,"GCO2E_EUR","Fabrication de matériel médico-chirurgical et dentaire"
2025,"32.50B",157,4,"GCO2E_EUR","Fabrication de lunettes"
2025,"32.91Z",196,4,"GCO2E_EUR","Fabrication d'articles de brosserie"
2025,"32.99Z",207,4,"GCO2E_EUR","Autres activités manufacturières n.c.a."
2025,"33.11Z",98,3.6,"GCO2E_EUR","Réparation d'ouvrages en métaux"
2025,"33.12Z",113,3.5,"GCO2E_EUR","Réparation de machines et équipements mécaniques"
2025,"33.13Z",96,2.5,"GCO2E_EUR","Réparation de matériels électroniques et optiques"
2025,"33.14Z",106,3.5,"GCO2E_EUR","Réparation d'équipements électriques"
2025,"33.15Z",130,2.1,"GCO2E_EUR","Réparation et maintenance navale"
2025,"33.16Z",116,2.5,"GCO2E_EUR","Réparation et maintenance d'aéronefs et d'engins spatiaux"
2025,"33.17Z",101,3.5,"GCO2E_EUR","Réparation et maintenance d'autres équipements de transport"
2025,"33.19Z",108,3.5,"GCO2E_EUR","Réparation d'autres équipements"
2025,"33.20A",129,3.5,"GCO2E_EUR","Installation de structures métalliques, chaudronnées et de tuyauterie"
2025,"33.20B",153,3.4,"GCO2E_EUR","Installation de machines et équipements mécaniques"
2025,"33.20C",135,3.5,"GCO2E_EUR","Conception d'ensemble et assemblage sur site industriel d'équipements de contrôle des processus industriels"
2025,"33.20D",144,3.5,"GCO2E_EUR","Installation d'équipements électriques, de matériels électroniques et optiques ou d'autres matériels"
2025,"35.11Z",366,3.4,"GCO2E_EUR","Production d'électricité"
2025,"35.12Z",366,3.4,"GCO2E_EUR","Transport d'électricité"
2025,"35.13Z",639,3.6,"GCO2E_EUR","Distribution d'électricité"
2025,"35.14Z",366,3.4,"GCO2E_EUR","Commerce d'électricité"
2025,"35.21Z",574,3.6,"GCO2E_EUR","Production de combustibles gazeux"
2025,"35.22Z",654,3.6,"GCO2E_EUR","Distribution de combustibles gazeux par conduites"
2025,"35.23Z",353,3.4,"GCO2E_EUR","Commerce de combustibles gazeux par conduites"
2025,"35.30Z",353,3.4,"GCO2E_EUR","Production et distribution de vapeur et d'air conditionné"
2025,"36.00Z",152,4,"GCO2E_EUR","Captage, traitement et distribution d'eau"
2025,"37.00Z",486,2.5,"GCO2E_EUR","Collecte et traitement des eaux usées"
2025,"38.11Z",1487,3.3,"GCO2E_EUR","Collecte des déchets non dangereux"
2025,"38.12Z",1430,3.3,"GCO2E_EUR","Collecte des déchets dangereux"
2025,"38.21Z",1065,3.3,"GCO2E_EUR","Traitement et élimination des déchets non dangereux"
2025,"38.22Z",1509,3.3,"GCO2E_EUR","Traitement et élimination des déchets dangereux"
2025,"38.31Z",1214,3.3,"GCO2E_EUR","Démantèlement d'épaves"
2025,"38.32Z",877,3.3,"GCO2E_EUR","Récupération de déchets triés"
2025,"39.00Z",393,2.6,"GCO2E_EUR","Dépollution et autres services de gestion des déchets"
2025,"41.10A",194,3.4,"GCO2E_EUR","Promotion immobilière de logements"
2025,"41.10B",193,3.4,"GCO2E_EUR","Promotion immobilière de bureaux"
2025,"41.10C",178,3.5,"GCO2E_EUR","Promotion immobilière d'autres bâtiments"
2025,"41.10D",193,3.4,"GCO2E_EUR","Supports juridiques de programmes"
2025,"41.20A",179,1.9,"GCO2E_EUR","Construction de maisons individuelles"
2025,"41.20B",205,3.5,"GCO2E_EUR","Construction d'autres bâtiments"
2025,"42.11Z",219,3.6,"GCO2E_EUR","Construction de routes et autoroutes"
2025,"42.12Z",217,3.6,"GCO2E_EUR","Construction de voies ferrées de surface et souterraines"
2025,"42.13A",224,3.5,"GCO2E_EUR","Construction d'ouvrages d'art"
2025,"42.13B",229,3.5,"GCO2E_EUR","Construction et entretien de tunnels"
2025,"42.21Z",218,3.6,"GCO2E_EUR","Construction de réseaux pour fluides"
2025,"42.22Z",207,2.8,"GCO2E_EUR","Construction de réseaux électriques et de télécommunications"
2025,"42.91Z",254,3.5,"GCO2E_EUR","Construction d'ouvrages maritimes et fluviaux"
2025,"42.99Z",265,3.4,"GCO2E_EUR","Construction d'autres ouvrages de génie civil n.c.a."
2025,"43.11Z",193,4,"GCO2E_EUR","Travaux de démolition"
2025,"43.12A",190,4,"GCO2E_EUR","Travaux de terrassement courants et travaux préparatoires"
2025,"43.12B",192,4,"GCO2E_EUR","Travaux de terrassement spécialisés ou de grande masse"
2025,"43.13Z",184,4,"GCO2E_EUR","Forages et sondages"
2025,"43.21A",180,4,"GCO2E_EUR","Travaux d'installation électrique dans tous locaux"
2025,"43.21B",180,4,"GCO2E_EUR","Travaux d'installation électrique sur la voie publique"
2025,"43.22A",180,4,"GCO2E_EUR","Travaux d'installation d'eau et de gaz en tous locaux"
2025,"43.22B",187,4,"GCO2E_EUR","Travaux d'installation d'équipements thermiques et de climatisation"
2025,"43.29A",191,4,"GCO2E_EUR","Travaux d'isolation"
2025,"43.29B",176,4,"GCO2E_EUR","Autres travaux d'installation n.c.a."
2025,"43.31Z",183,4,"GCO2E_EUR","Travaux de plâtrerie"
2025,"43.32A",187,4,"GCO2E_EUR","Travaux de menuiserie bois et PVC"
2025,"43.32B",186,4,"GCO2E_EUR","Travaux de menuiserie métallique et serrurerie"
2025,"43.32C",195,4,"GCO2E_EUR","Agencement de lieux de vente"
2025,"43.33Z",187,4,"GCO2E_EUR","Travaux de revêtement des sols et des murs"
2025,"43.34Z",177,4,"GCO2E_EUR","Travaux de peinture et vitrerie"
2025,"43.39Z",185,4,"GCO2E_EUR","Autres travaux de finition"
2025,"43.91A",184,4,"GCO2E_EUR","Travaux de charpente"
2025,"43.91B",176,4,"GCO2E_EUR","Travaux de couverture par éléments"
2025,"43.99A",194,4,"GCO2E_EUR","Travaux d'étanchéification"
2025,"43.99B",190,4,"GCO2E_EUR","Travaux de montage de structures métalliques"
2025,"43.99C",193,4,"GCO2E_EUR","Travaux de maçonnerie générale et gros œuvre de bâtiment"
2025,"43.99D",189,4,"GCO2E_EUR","Autres travaux spécialisés de construction"
2025,"43.99E",185,4,"GCO2E_EUR","Location avec opérateur de matériel de construction"
2025,"45.11Z",166,4,"GCO2E_EUR","Commerce de voitures et de véhicules automobiles légers"
2025,"45.19Z",163,4,"GCO2E_EUR","Commerce d'autres véhicules automobiles"
2025,"45.20A",153,4,"GCO2E_EUR","Entretien et réparation de véhicules automobiles légers"
2025,"45.20B",155,4,"GCO2E_EUR","Entretien et réparation d'autres véhicules automobiles"
2025,"45.31Z",159,4,"GCO2E_EUR","Commerce de gros d'équipements automobiles"
2025,"45.32Z",154,4,"GCO2E_EUR","Commerce de détail d'équipements automobiles"
2025,"45.40Z",163,4,"GCO2E_EUR","Commerce et réparation de motocycles"
2025,"46.11Z",164,4,"GCO2E_EUR","Intermédiaires du commerce en matières premières agricoles, animaux vivants, matières premières textiles et pr…"
2025,"46.12A",178,4,"GCO2E_EUR","Centrales d'achat de carburant"
2025,"46.12B",178,4,"GCO2E_EUR","Autres intermédiaires du commerce en combustibles, métaux, minéraux et produits chimiques"
2025,"46.13Z",134,4,"GCO2E_EUR","Intermédiaires du commerce en bois et matériaux de construction"
2025,"46.14Z",146,4,"GCO2E_EUR","Intermédiaires du commerce en machines, équipements industriels, navires et avions"
2025,"46.15Z",127,4,"GCO2E_EUR","Intermédiaires du commerce en meubles, articles de ménage et quincaillerie"
2025,"46.16Z",144,4,"GCO2E_EUR","Intermédiaires du commerce en textiles, habillement, fourrures, chaussures et articles en cuir"
2025,"46.17A",166,4,"GCO2E_EUR","Centrales d'achat alimentaires"
2025,"46.17B",150,4,"GCO2E_EUR","Autres intermédiaires du commerce en denrées, boissons et tabac"
2025,"46.18Z",143,4,"GCO2E_EUR","Intermédiaires spécialisés dans le commerce d'autres produits spécifiques"
2025,"46.19A",167,4,"GCO2E_EUR","Centrales d'achat non alimentaires"
2025,"46.19B",140,4,"GCO2E_EUR","Autres intermédiaires du commerce en produits divers"
2025,"46.21Z",168,4,"GCO2E_EUR","Commerce de gros (commerce interentreprises) de céréales, de tabac non manufacturé, de semences et d'aliments …"
2025,"46.22Z",152,4,"GCO2E_EUR","Commerce de gros (commerce interentreprises) de fleurs et plantes"
2025,"46.23Z",172,4,"GCO2E_EUR","Commerce de gros (commerce interentreprises) d'animaux vivants"
2025,"46.24Z",150,4,"GCO2E_EUR","Commerce de gros (commerce interentreprises) de cuirs et peaux"
2025,"46.31Z",163,4,"GCO2E_EUR","Commerce de gros (commerce interentreprises) de fruits et légumes"
2025,"46.32A",163,4,"GCO2E_EUR","Commerce de gros (commerce interentreprises) de viandes de boucherie"
2025,"46.32B",162,4,"GCO2E_EUR","Commerce de gros (commerce interentreprises) de produits à base de viande"
2025,"46.32C",164,4,"GCO2E_EUR","Commerce de gros (commerce interentreprises) de volailles et gibier"
2025,"46.33Z",168,4,"GCO2E_EUR","Commerce de gros (commerce interentreprises) de produits laitiers, œufs, huiles et matières grasses comestibles"
2025,"46.34Z",152,4,"GCO2E_EUR","Commerce de gros (commerce interentreprises) de boissons"
2025,"46.35Z",143,4,"GCO2E_EUR","Commerce de gros (commerce interentreprises) de produits à base de tabac"
2025,"46.36Z",166,4,"GCO2E_EUR","Commerce de gros (commerce interentreprises) de sucre, chocolat et confiserie"
2025,"46.37Z",162,4,"GCO2E_EUR","Commerce de gros (commerce interentreprises) de café, thé, cacao et épices"
2025,"46.38A",161,4,"GCO2E_EUR","Commerce de gros (commerce interentreprises) de poissons, crustacés et mollusques"
2025,"46.38B",157,4,"GCO2E_EUR","Commerce de gros (commerce interentreprises) alimentaire spécialisé divers"
2025,"46.39A",161,4,"GCO2E_EUR","Commerce de gros (commerce interentreprises) de produits surgelés"
2025,"46.39B",161,4,"GCO2E_EUR","Commerce de gros (commerce interentreprises) alimentaire non spécialisé"
2025,"46.41Z",151,4,"GCO2E_EUR","Commerce de gros (commerce interentreprises) de textiles"
2025,"46.42Z",137,4,"GCO2E_EUR","Commerce de gros (commerce interentreprises) d'habillement et de chaussures"
2025,"46.43Z",161,4,"GCO2E_EUR","Commerce de gros (commerce interentreprises) d'appareils électroménagers"
2025,"46.44Z",148,4,"GCO2E_EUR","Commerce de gros (commerce interentreprises) de vaisselle, verrerie et produits d'entretien"
2025,"46.45Z",146,4,"GCO2E_EUR","Commerce de gros (commerce interentreprises) de parfumerie et de produits de beauté"
2025,"46.46Z",149,4,"GCO2E_EUR","Commerce de gros (commerce interentreprises) de produits pharmaceutiques"
2025,"46.47Z",150,4,"GCO2E_EUR","Commerce de gros (commerce interentreprises) de meubles, de tapis et d'appareils d'éclairage"
2025,"46.48Z",152,4,"GCO2E_EUR","Commerce de gros (commerce interentreprises) d'articles d'horlogerie et de bijouterie"
2025,"46.49Z",129,4,"GCO2E_EUR","Commerce de gros (commerce interentreprises) d'autres biens domestiques"
2025,"46.51Z",158,4,"GCO2E_EUR","Commerce de gros (commerce interentreprises) d'ordinateurs, d'équipements informatiques périphériques et de lo…"
2025,"46.52Z",158,4,"GCO2E_EUR","Commerce de gros (commerce interentreprises) de composants et d'équipements électroniques et de télécommunicat…"
2025,"46.61Z",153,4,"GCO2E_EUR","Commerce de gros (commerce interentreprises) de matériel agricole"
2025,"46.62Z",146,4,"GCO2E_EUR","Commerce de gros (commerce interentreprises) de machines-outils"
2025,"46.63Z",152,4,"GCO2E_EUR","Commerce de gros (commerce interentreprises) de machines pour l'extraction, la construction et le génie civil"
2025,"46.64Z",142,4,"GCO2E_EUR","Commerce de gros (commerce interentreprises) de machines pour l'industrie textile et l'habillement"
2025,"46.65Z",145,4,"GCO2E_EUR","Commerce de gros (commerce interentreprises) de mobilier de bureau"
2025,"46.66Z",147,4,"GCO2E_EUR","Commerce de gros (commerce interentreprises) d'autres machines et équipements de bureau"
2025,"46.69A",151,4,"GCO2E_EUR","Commerce de gros (commerce interentreprises) de matériel électrique"
2025,"46.69B",148,4,"GCO2E_EUR","Commerce de gros (commerce interentreprises) de fournitures et équipements industriels divers"
2025,"46.69C",146,4,"GCO2E_EUR","Commerce de gros (commerce interentreprises) de fournitures et équipements divers pour le commerce et les serv…"
2025,"46.71Z",160,4,"GCO2E_EUR","Commerce de gros (commerce interentreprises) de combustibles et de produits annexes"
2025,"46.72Z",158,4,"GCO2E_EUR","Commerce de gros (commerce interentreprises) de minerais et métaux"
2025,"46.73A",147,4,"GCO2E_EUR","Commerce de gros (commerce interentreprises) de bois et de matériaux de construction"
2025,"46.73B",146,4,"GCO2E_EUR","Commerce de gros (commerce interentreprises) d'appareils sanitaires et de produits de décoration"
2025,"46.74A",141,4,"GCO2E_EUR","Commerce de gros (commerce interentreprises) de quincaillerie"
2025,"46.74B",144,4,"GCO2E_EUR","Commerce de gros (commerce interentreprises) de fournitures pour la plomberie et le chauffage"
2025,"46.75Z",161,4,"GCO2E_EUR","Commerce de gros (commerce interentreprises) de produits chimiques"
2025,"46.76Z",159,4,"GCO2E_EUR","Commerce de gros (commerce interentreprises) d'autres produits intermédiaires"
2025,"46.77Z",154,4,"GCO2E_EUR","Commerce de gros (commerce interentreprises) de déchets et débris"
2025,"46.90Z",155,4,"GCO2E_EUR","Commerce de gros (commerce interentreprises) non spécialisé"
2025,"47.11A",141,4,"GCO2E_EUR","Commerce de détail de produits surgelés"
2025,"47.11B",157,4,"GCO2E_EUR","Commerce d'alimentation générale"
2025,"47.11C",158,4,"GCO2E_EUR","Supérettes"
2025,"47.11D",161,4,"GCO2E_EUR","Supermarchés"
2025,"47.11E",151,4,"GCO2E_EUR","Magasins multi-commerces"
2025,"47.11F",159,4,"GCO2E_EUR","Hypermarchés"
2025,"47.19A",158,4,"GCO2E_EUR","Grands magasins"
2025,"47.19B",154,4,"GCO2E_EUR","Autres commerces de détail en magasin non spécialisé"
2025,"47.21Z",159,4,"GCO2E_EUR","Commerce de détail de fruits et légumes en magasin spécialisé"
2025,"47.22Z",147,4,"GCO2E_EUR","Commerce de détail de viandes et de produits à base de viande en magasin spécialisé"
2025,"47.23Z",147,4,"GCO2E_EUR","Commerce de détail de poissons, crustacés et mollusques en magasin spécialisé"
2025,"47.24Z",135,4,"GCO2E_EUR","Commerce de détail de pain, pâtisserie et confiserie en magasin spécialisé"
2025,"47.25Z",151,4,"GCO2E_EUR","Commerce de détail de boissons en magasin spécialisé"
2025,"47.26Z",112,4,"GCO2E_EUR","Commerce de détail de produits à base de tabac en magasin spécialisé"
2025,"47.29Z",147,4,"GCO2E_EUR","Autres commerces de détail alimentaires en magasin spécialisé"
2025,"47.30Z",158,4,"GCO2E_EUR","Commerce de détail de carburants en magasin spécialisé"
2025,"47.41Z",143,4,"GCO2E_EUR","Commerce de détail d'ordinateurs, d'unités périphériques et de logiciels en magasin spécialisé"
2025,"47.42Z",150,4,"GCO2E_EUR","Commerce de détail de matériels de télécommunication en magasin spécialisé"
2025,"47.43Z",148,4,"GCO2E_EUR","Commerce de détail de matériels audio et vidéo en magasin spécialisé"
2025,"47.51Z",138,4,"GCO2E_EUR","Commerce de détail de textiles en magasin spécialisé"
2025,"47.52A",146,4,"GCO2E_EUR","Commerce de détail de quincaillerie, peintures et verres en petites surfaces (moins de 400 m²)"
2025,"47.52B",146,4,"GCO2E_EUR","Commerce de détail de quincaillerie, peintures et verres en grandes surfaces (400 m² et plus)"
2025,"47.53Z",140,4,"GCO2E_EUR","Commerce de détail de tapis, moquettes et revêtements de murs et de sols en magasin spécialisé"
2025,"47.54Z",158,4,"GCO2E_EUR","Commerce de détail d'appareils électroménagers en magasin spécialisé"
2025,"47.59A",147,4,"GCO2E_EUR","Commerce de détail de meubles"
2025,"47.59B",143,4,"GCO2E_EUR","Commerce de détail d'autres équipements du foyer"
2025,"47.61Z",147,4,"GCO2E_EUR","Commerce de détail de livres en magasin spécialisé"
2025,"47.62Z",148,4,"GCO2E_EUR","Commerce de détail de journaux et papeterie en magasin spécialisé"
2025,"47.63Z",145,4,"GCO2E_EUR","Commerce de détail d'enregistrements musicaux et vidéo en magasin spécialisé"
2025,"47.64Z",143,4,"GCO2E_EUR","Commerce de détail d'articles de sport en magasin spécialisé"
2025,"47.65Z",151,4,"GCO2E_EUR","Commerce de détail de jeux et jouets en magasin spécialisé"
2025,"47.71Z",146,4,"GCO2E_EUR","Commerce de détail d'habillement en magasin spécialisé"
2025,"47.72A",145,4,"GCO2E_EUR","Commerce de détail de la chaussure"
2025,"47.72B",143,4,"GCO2E_EUR","Commerce de détail de maroquinerie et d'articles de voyage"
2025,"47.73Z",143,4,"GCO2E_EUR","Commerce de détail de produits pharmaceutiques en magasin spécialisé"
2025,"47.74Z",126,4,"GCO2E_EUR","Commerce de détail d'articles médicaux et orthopédiques en magasin spécialisé"
2025,"47.75Z",143,4,"GCO2E_EUR","Commerce de détail de parfumerie et de produits de beauté en magasin spécialisé"
2025,"47.76Z",142,4,"GCO2E_EUR","Commerce de détail de fleurs, plantes, graines, engrais, animaux de compagnie et aliments pour ces animaux en …"
2025,"47.77Z",138,4,"GCO2E_EUR","Commerce de détail d'articles d'horlogerie et de bijouterie en magasin spécialisé"
2025,"47.78A",123,4,"GCO2E_EUR","Commerces de détail d'optique"
2025,"47.78B",168,4,"GCO2E_EUR","Commerces de détail de charbons et combustibles"
2025,"47.78C",146,4,"GCO2E_EUR","Autres commerces de détail spécialisés divers"
2025,"47.79Z",146,4,"GCO2E_EUR","Commerce de détail de biens d'occasion en magasin"
2025,"47.81Z",146,4,"GCO2E_EUR","Commerce de détail alimentaire sur éventaires et marchés"
2025,"47.82Z",129,4,"GCO2E_EUR","Commerce de détail de textiles, d'habillement et de chaussures sur éventaires et marchés"
2025,"47.89Z",136,4,"GCO2E_EUR","Autres commerces de détail sur éventaires et marchés"
2025,"47.91A",170,4,"GCO2E_EUR","Vente à distance sur catalogue général"
2025,"47.91B",159,4,"GCO2E_EUR","Vente à distance sur catalogue spécialisé"
2025,"47.99A",159,4,"GCO2E_EUR","Vente à domicile"
2025,"47.99B",152,4,"GCO2E_EUR","Vente par automates et autres commerces de détail hors magasin, éventaires ou marchés n.c.a."
2025,"49.10Z",503,3,"GCO2E_EUR","Transport ferroviaire interurbain de voyageurs"
2025,"49.20Z",309,3.6,"GCO2E_EUR","Transports ferroviaires de fret"
2025,"49.31Z",399,3,"GCO2E_EUR","Transports urbains et suburbains de voyageurs"
2025,"49.32Z",361,3.2,"GCO2E_EUR","Transports de voyageurs par taxis"
2025,"49.39A",333,3.3,"GCO2E_EUR","Transports routiers réguliers de voyageurs"
2025,"49.39B",342,3.3,"GCO2E_EUR","Autres transports routiers de voyageurs"
2025,"49.39C",221,3.6,"GCO2E_EUR","Téléphériques et remontées mécaniques"
2025,"49.41A",493,3.5,"GCO2E_EUR","Transports routiers de fret interurbains"
2025,"49.41B",535,3.4,"GCO2E_EUR","Transports routiers de fret de proximité"
2025,"49.41C",545,3.4,"GCO2E_EUR","Location de camions avec chauffeur"
2025,"49.42Z",591,3.3,"GCO2E_EUR","Services de déménagement"
2025,"49.50Z",1193,2.5,"GCO2E_EUR","Transports par conduites"
2025,"50.10Z",773,4,"GCO2E_EUR","Transports maritimes et côtiers de passagers"
2025,"50.20Z",1205,4,"GCO2E_EUR","Transports maritimes et côtiers de fret"
2025,"50.30Z",1210,4,"GCO2E_EUR","Transports fluviaux de passagers"
2025,"50.40Z",1265,4,"GCO2E_EUR","Transports fluviaux de fret"
2025,"51.10Z",621,4,"GCO2E_EUR","Transports aériens de passagers"
2025,"51.21Z",985,4,"GCO2E_EUR","Transports aériens de fret"
2025,"51.22Z",858,4,"GCO2E_EUR","Transports spatiaux"
2025,"52.10A",108,4,"GCO2E_EUR","Entreposage et stockage frigorifique"
2025,"52.10B",108,4,"GCO2E_EUR","Entreposage et stockage non frigorifique"
2025,"52.21Z",64,4,"GCO2E_EUR","Services auxiliaires des transports terrestres"
2025,"52.22Z",82,4,"GCO2E_EUR","Services auxiliaires des transports par eau"
2025,"52.23Z",95,4,"GCO2E_EUR","Services auxiliaires des transports aériens"
2025,"52.24A",109,4,"GCO2E_EUR","Manutention portuaire"
2025,"52.24B",106,4,"GCO2E_EUR","Manutention non portuaire"
2025,"52.29A",137,4,"GCO2E_EUR","Messagerie, fret express"
2025,"52.29B",140,4,"GCO2E_EUR","Affrètement et organisation des transports"
2025,"53.10Z",97,1.3,"GCO2E_EUR","Activités de poste dans le cadre d'une obligation de service universel"
2025,"53.20Z",199,2.3,"GCO2E_EUR","Autres activités de poste et de courrier"
2025,"55.10Z",169,4,"GCO2E_EUR","Hôtels et hébergement similaire"
2025,"55.20Z",219,4,"GCO2E_EUR","Hébergement touristique et autre hébergement de courte durée"
2025,"55.30Z",168,4,"GCO2E_EUR","Terrains de camping et parcs pour caravanes ou véhicules de loisirs"
2025,"55.90Z",217,4,"GCO2E_EUR","Autres hébergements"
2025,"56.10A",177,4,"GCO2E_EUR","Restauration traditionnelle"
2025,"56.10B",190,4,"GCO2E_EUR","Cafétérias et autres libres-services"
2025,"56.10C",196,4,"GCO2E_EUR","Restauration de type rapide"
2025,"56.21Z",193,4,"GCO2E_EUR","Services des traiteurs"
2025,"56.29A",171,4,"GCO2E_EUR","Restauration collective sous contrat"
2025,"56.29B",174,4,"GCO2E_EUR","Autres services de restauration n.c.a."
2025,"56.30Z",177,4,"GCO2E_EUR","Débits de boissons"
2025,"58.11Z",104,4,"GCO2E_EUR","Édition de livres"
2025,"58.12Z",95,4,"GCO2E_EUR","Édition de répertoires et de fichiers d'adresses"
2025,"58.13Z",94,4,"GCO2E_EUR","Édition de journaux"
2025,"58.14Z",91,4,"GCO2E_EUR","Édition de revues et périodiques"
2025,"58.19Z",95,4,"GCO2E_EUR","Autres activités d'édition"
2025,"58.21Z",99,4,"GCO2E_EUR","Édition de jeux électroniques"
2025,"58.29A",67,4,"GCO2E_EUR","Édition de logiciels système et de réseau"
2025,"58.29B",64,4,"GCO2E_EUR","Édition de logiciels outils de développement et de langages"
2025,"58.29C",75,4,"GCO2E_EUR","Édition de logiciels applicatifs"
2025,"59.11A",73,4,"GCO2E_EUR","Production de films et de programmes pour la télévision"
2025,"59.11B",108,4,"GCO2E_EUR","Production de films institutionnels et publicitaires"
2025,"59.11C",52,4,"GCO2E_EUR","Production de films pour le cinéma"
2025,"59.12Z",85,4,"GCO2E_EUR","Post-production de films cinématographiques, de vidéo et de programmes de télévision"
2025,"59.13A",125,4,"GCO2E_EUR","Distribution de films cinématographiques"
2025,"59.13B",120,4,"GCO2E_EUR","Édition et distribution vidéo"
2025,"59.14Z",123,4,"GCO2E_EUR","Projection de films cinématographiques"
2025,"59.20Z",117,4,"GCO2E_EUR","Enregistrement sonore et édition musicale"
2025,"60.10Z",113,4,"GCO2E_EUR","Édition et diffusion de programmes radio"
2025,"60.20A",140,4,"GCO2E_EUR","Édition de chaînes généralistes"
2025,"60.20B",161,4,"GCO2E_EUR","Édition de chaînes thématiques"
2025,"61.10Z",85,4,"GCO2E_EUR","Télécommunications filaires"
2025,"61.20Z",98,4,"GCO2E_EUR","Télécommunications sans fil"
2025,"61.30Z",56,4,"GCO2E_EUR","Télécommunications par satellite"
2025,"61.90Z",108,4,"GCO2E_EUR","Autres activités de télécommunication"
2025,"62.01Z",49,3.6,"GCO2E_EUR","Programmation informatique"
2025,"62.02A",41,3.7,"GCO2E_EUR","Conseil en systèmes et logiciels informatiques"
2025,"62.02B",46,3.6,"GCO2E_EUR","Tierce maintenance de systèmes et d'applications informatiques"
2025,"62.03Z",48,3.6,"GCO2E_EUR","Gestion d'installations informatiques"
2025,"62.09Z",46,3.6,"GCO2E_EUR","Autres activités informatiques"
2025,"63.11Z",60,3.6,"GCO2E_EUR","Traitement de données, hébergement et activités connexes"
2025,"63.12Z",77,3.5,"GCO2E_EUR","Portails Internet"
2025,"63.91Z",51,3.7,"GCO2E_EUR","Activités des agences de presse"
2025,"63.99Z",58,3.7,"GCO2E_EUR","Autres services d'information n.c.a."
2025,"64.11Z",52,4,"GCO2E_EUR","Activités de banque centrale"
2025,"64.19Z",52,4,"GCO2E_EUR","Autres intermédiations monétaires"
2025,"64.20Z",52,4,"GCO2E_EUR","Activités des sociétés holding"
2025,"64.30Z",52,4,"GCO2E_EUR","Fonds de placement et entités financières similaires"
2025,"64.91Z",52,4,"GCO2E_EUR","Crédit-bail"
2025,"64.92Z",52,4,"GCO2E_EUR","Autre distribution de crédit"
2025,"64.99Z",52,4,"GCO2E_EUR","Autres activités des services financiers, hors assurance et caisses de retraite, n.c.a."
2025,"65.11Z",48,2.4,"GCO2E_EUR","Assurance vie"
2025,"65.12Z",34,3.6,"GCO2E_EUR","Autres assurances"
2025,"65.20Z",34,3.6,"GCO2E_EUR","Réassurance"
2025,"65.30Z",38,3.6,"GCO2E_EUR","Caisses de retraite"
2025,"66.11Z",45,4,"GCO2E_EUR","Administration de marchés financiers"
2025,"66.12Z",91,4,"GCO2E_EUR","Courtage de valeurs mobilières et de marchandises"
2025,"66.19A",62,4,"GCO2E_EUR","Supports juridiques de gestion de patrimoine mobilier"
2025,"66.19B",69,4,"GCO2E_EUR","Autres activités auxiliaires de services financiers, hors assurance et caisses de retraite, n.c.a."
2025,"66.21Z",51,4,"GCO2E_EUR","Évaluation des risques et dommages"
2025,"66.22Z",58,4,"GCO2E_EUR","Activités des agents et courtiers d'assurances"
2025,"66.29Z",81,4,"GCO2E_EUR","Autres activités auxiliaires d'assurance et de caisses de retraite"
2025,"66.30Z",68,4,"GCO2E_EUR","Gestion de fonds"
2025,"68.10Z",100,4,"GCO2E_EUR","Activités des marchands de biens immobiliers"
2025,"68.20A",53,4,"GCO2E_EUR","Location de logements"
2025,"68.20B",58,4,"GCO2E_EUR","Location de terrains et d'autres biens immobiliers"
2025,"68.31Z",70,4,"GCO2E_EUR","Agences immobilières"
2025,"68.32A",48,4,"GCO2E_EUR","Administration d'immeubles et autres biens immobiliers"
2025,"68.32B",75,4,"GCO2E_EUR","Supports juridiques de gestion de patrimoine immobilier"
2025,"69.10Z",27,3.2,"GCO2E_EUR","Activités juridiques"
2025,"69.20Z",33,3,"GCO2E_EUR","Activités comptables"
2025,"70.10Z",52,2.7,"GCO2E_EUR","Activités des sièges sociaux"
2025,"70.21Z",51,3.6,"GCO2E_EUR","Conseil en relations publiques et communication"
2025,"70.22Z",42,2.8,"GCO2E_EUR","Conseil pour les affaires et autres conseils de gestion"
2025,"71.11Z",61,3.7,"GCO2E_EUR","Activités d'architecture"
2025,"71.12A",50,3.8,"GCO2E_EUR","Activité des géomètres"
2025,"71.12B",73,3.6,"GCO2E_EUR","Ingénierie, études techniques"
2025,"71.20A",47,3.3,"GCO2E_EUR","Contrôle technique automobile"
2025,"71.20B",66,3.7,"GCO2E_EUR","Analyses, essais et inspections techniques"
2025,"72.11Z",164,4,"GCO2E_EUR","Recherche-développement en biotechnologie"
2025,"72.19Z",120,4,"GCO2E_EUR","Recherche-développement en autres sciences physiques et naturelles"
2025,"72.20Z",77,4,"GCO2E_EUR","Recherche-développement en sciences humaines et sociales"
2025,"73.11Z",105,4,"GCO2E_EUR","Activités des agences de publicité"
2025,"73.12Z",118,4,"GCO2E_EUR","Régie publicitaire de médias"
2025,"73.20Z",88,4,"GCO2E_EUR","Études de marché et sondages"
2025,"74.10Z",97,2.4,"GCO2E_EUR","Activités spécialisées de design"
2025,"74.20Z",95,2.5,"GCO2E_EUR","Activités photographiques"
2025,"74.30Z",73,3.7,"GCO2E_EUR","Traduction et interprétation"
2025,"74.90A",108,3.6,"GCO2E_EUR","Activité des économistes de la construction"
2025,"74.90B",96,3.6,"GCO2E_EUR","Activités spécialisées, scientifiques et techniques diverses"
2025,"75.00Z",103,2.8,"GCO2E_EUR","Activités vétérinaires"
2025,"77.11A",147,4,"GCO2E_EUR","Location de courte durée de voitures et de véhicules automobiles légers"
2025,"77.11B",145,4,"GCO2E_EUR","Location de longue durée de voitures et de véhicules automobiles légers"
2025,"77.12Z",144,4,"GCO2E_EUR","Location et location-bail de camions"
2025,"77.21Z",147,4,"GCO2E_EUR","Location et location-bail d'articles de loisirs et de sport"
2025,"77.22Z",147,4,"GCO2E_EUR","Location de vidéocassettes et disques vidéo"
2025,"77.29Z",144,4,"GCO2E_EUR","Location et location-bail d'autres biens personnels et domestiques"
2025,"77.31Z",149,4,"GCO2E_EUR","Location et location-bail de machines et équipements agricoles"
2025,"77.32Z",146,4,"GCO2E_EUR","Location et location-bail de machines et équipements pour la construction"
2025,"77.33Z",148,4,"GCO2E_EUR","Location et location-bail de machines de bureau et de matériel informatique"
2025,"77.34Z",146,4,"GCO2E_EUR","Location et location-bail de matériels de transport par eau"
2025,"77.35Z",151,4,"GCO2E_EUR","Location et location-bail de matériels de transport aérien"
2025,"77.39Z",146,4,"GCO2E_EUR","Location et location-bail d'autres machines, équipements et biens matériels n.c.a."
2025,"77.40Z",147,4,"GCO2E_EUR","Location-bail de propriété intellectuelle et de produits similaires, à l'exception des œuvres soumises à copyr…"
2025,"78.10Z",78,4,"GCO2E_EUR","Activités des agences de placement de main-d'œuvre"
2025,"78.20Z",28,4,"GCO2E_EUR","Activités des agences de travail temporaire"
2025,"78.30Z",42,4,"GCO2E_EUR","Autre mise à disposition de ressources humaines"
2025,"79.11Z",127,4,"GCO2E_EUR","Activités des agences de voyage"
2025,"79.12Z",138,4,"GCO2E_EUR","Activités des voyagistes"
2025,"79.90Z",138,4,"GCO2E_EUR","Autres services de réservation et activités connexes"
2025,"80.10Z",53,3.8,"GCO2E_EUR","Activités de sécurité privée"
2025,"80.20Z",72,3.6,"GCO2E_EUR","Activités liées aux systèmes de sécurité"
2025,"80.30Z",62,3.7,"GCO2E_EUR","Activités d'enquête"
2025,"81.10Z",120,2.4,"GCO2E_EUR","Activités combinées de soutien lié aux bâtiments"
2025,"81.21Z",51,3.8,"GCO2E_EUR","Nettoyage courant des bâtiments"
2025,"81.22Z",62,3.8,"GCO2E_EUR","Autres activités de nettoyage des bâtiments et nettoyage industriel"
2025,"81.29A",72,3.7,"GCO2E_EUR","Désinfection, désinsectisation, dératisation"
2025,"81.29B",82,3.6,"GCO2E_EUR","Autres activités de nettoyage n.c.a."
2025,"81.30Z",83,3.6,"GCO2E_EUR","Services d'aménagement paysager"
2025,"82.11Z",61,2.9,"GCO2E_EUR","Services administratifs combinés de bureau"
2025,"82.19Z",77,3.6,"GCO2E_EUR","Photocopie, préparation de documents et autres activités spécialisées de soutien de bureau"
2025,"82.20Z",77,3.6,"GCO2E_EUR","Activités de centres d'appels"
2025,"82.30Z",77,3.5,"GCO2E_EUR","Organisation de foires, salons professionnels et congrès"
2025,"82.91Z",63,3.7,"GCO2E_EUR","Activités des agences de recouvrement de factures et des sociétés d'information financière sur la clientèle"
2025,"82.92Z",73,3.6,"GCO2E_EUR","Activités de conditionnement"
2025,"82.99Z",72,3.6,"GCO2E_EUR","Autres activités de soutien aux entreprises n.c.a."
2025,"84.11Z",93,4,"GCO2E_EUR","Administration publique générale"
2025,"84.12Z",93,4,"GCO2E_EUR","Administration publique (tutelle) de la santé, de la formation, de la culture et des services sociaux, autre q…"
2025,"84.13Z",93,4,"GCO2E_EUR","Administration publique (tutelle) des activités économiques"
2025,"84.21Z",93,4,"GCO2E_EUR","Affaires étrangères"
2025,"84.22Z",93,4,"GCO2E_EUR","Défense"
2025,"84.23Z",93,4,"GCO2E_EUR","Justice"
2025,"84.24Z",93,4,"GCO2E_EUR","Activités d'ordre public et de sécurité"
2025,"84.25Z",93,4,"GCO2E_EUR","Services du feu et de secours"
2025,"84.30A",93,4,"GCO2E_EUR","Activités générales de sécurité sociale"
2025,"84.30B",93,4,"GCO2E_EUR","Gestion des retraites complémentaires"
2025,"84.30C",93,4,"GCO2E_EUR","Distribution sociale de revenus"
2025,"85.10Z",98,4,"GCO2E_EUR","Enseignement pré-primaire"
2025,"85.20Z",90,4,"GCO2E_EUR","Enseignement primaire"
2025,"85.31Z",108,4,"GCO2E_EUR","Enseignement secondaire général"
2025,"85.32Z",113,4,"GCO2E_EUR","Enseignement secondaire technique ou professionnel"
2025,"85.41Z",106,4,"GCO2E_EUR","Enseignement post-secondaire non supérieur"
2025,"85.42Z",112,4,"GCO2E_EUR","Enseignement supérieur"
2025,"85.51Z",134,4,"GCO2E_EUR","Enseignement de disciplines sportives et d'activités de loisirs"
2025,"85.52Z",129,4,"GCO2E_EUR","Enseignement culturel"
2025,"85.53Z",111,4,"GCO2E_EUR","Enseignement de la conduite"
2025,"85.59A",137,4,"GCO2E_EUR","Formation continue d'adultes"
2025,"85.59B",121,4,"GCO2E_EUR","Autres enseignements"
2025,"85.60Z",126,4,"GCO2E_EUR","Activités de soutien à l'enseignement"
2025,"86.10Z",105,4,"GCO2E_EUR","Activités hospitalières"
2025,"86.21Z",54,4,"GCO2E_EUR","Activité des médecins généralistes"
2025,"86.22A",83,4,"GCO2E_EUR","Activités de radiodiagnostic et de radiothérapie"
2025,"86.22B",53,4,"GCO2E_EUR","Activités chirurgicales"
2025,"86.22C",57,4,"GCO2E_EUR","Autres activités des médecins spécialistes"
2025,"86.23Z",82,4,"GCO2E_EUR","Pratique dentaire"
2025,"86.90A",75,4,"GCO2E_EUR","Ambulances"
2025,"86.90B",97,4,"GCO2E_EUR","Laboratoires d'analyses médicales"
2025,"86.90C",118,4,"GCO2E_EUR","Centres de collecte et banques d'organes"
2025,"86.90D",56,4,"GCO2E_EUR","Activités des infirmiers et des sages-femmes"
2025,"86.90E",67,4,"GCO2E_EUR","Activités des professionnels de la rééducation, de l'appareillage et des pédicures-podologues"
2025,"86.90F",102,4,"GCO2E_EUR","Activités de santé humaine non classées ailleurs"
2025,"87.10A",91,4,"GCO2E_EUR","Hébergement médicalisé pour personnes âgées"
2025,"87.10B",91,4,"GCO2E_EUR","Hébergement médicalisé pour enfants handicapés"
2025,"87.10C",91,4,"GCO2E_EUR","Hébergement médicalisé pour adultes handicapés et autre hébergement médicalisé"
2025,"87.20A",92,4,"GCO2E_EUR","Hébergement social pour handicapés mentaux et malades mentaux"
2025,"87.20B",92,4,"GCO2E_EUR","Hébergement social pour toxicomanes"
2025,"87.30A",103,4,"GCO2E_EUR","Hébergement social pour personnes âgées"
2025,"87.30B",122,4,"GCO2E_EUR","Hébergement social pour handicapés physiques"
2025,"87.90A",104,4,"GCO2E_EUR","Hébergement social pour enfants en difficultés"
2025,"87.90B",92,4,"GCO2E_EUR","Hébergement social pour adultes et familles en difficultés et autre hébergement social"
2025,"88.10A",75,4,"GCO2E_EUR","Aide à domicile"
2025,"88.10B",110,4,"GCO2E_EUR","Accueil ou accompagnement sans hébergement d'adultes handicapés ou de personnes âgées"
2025,"88.10C",107,4,"GCO2E_EUR","Aide par le travail"
2025,"88.91A",92,4,"GCO2E_EUR","Accueil de jeunes enfants"
2025,"88.91B",103,4,"GCO2E_EUR","Accueil ou accompagnement sans hébergement d'enfants handicapés"
2025,"88.99A",112,4,"GCO2E_EUR","Autre accueil ou accompagnement sans hébergement d'enfants et d'adolescents"
2025,"88.99B",109,4,"GCO2E_EUR","Action sociale sans hébergement n.c.a."
2025,"90.01Z",123,4,"GCO2E_EUR","Arts du spectacle vivant"
2025,"90.02Z",113,4,"GCO2E_EUR","Activités de soutien au spectacle vivant"
2025,"90.03A",79,4,"GCO2E_EUR","Création artistique relevant des arts plastiques"
2025,"90.03B",87,4,"GCO2E_EUR","Autre création artistique"
2025,"90.04Z",166,4,"GCO2E_EUR","Gestion de salles de spectacles"
2025,"91.01Z",108,4,"GCO2E_EUR","Gestion des bibliothèques et des archives"
2025,"91.02Z",113,4,"GCO2E_EUR","Gestion des musées"
2025,"91.03Z",105,4,"GCO2E_EUR","Gestion des sites et monuments historiques et des attractions touristiques similaires"
2025,"91.04Z",87,4,"GCO2E_EUR","Gestion des jardins botaniques et zoologiques et des réserves naturelles"
2025,"92.00Z",78,4,"GCO2E_EUR","Organisation de jeux de hasard et d'argent"
2025,"93.11Z",169,3.7,"GCO2E_EUR","Gestion d'installations sportives"
2025,"93.12Z",193,3.8,"GCO2E_EUR","Activités de clubs de sports"
2025,"93.13Z",202,3.8,"GCO2E_EUR","Activités des centres de culture physique"
2025,"93.19Z",191,3.8,"GCO2E_EUR","Autres activités liées au sport"
2025,"93.21Z",188,3,"GCO2E_EUR","Activités des parcs d'attractions et parcs à thèmes"
2025,"93.29Z",188,3.7,"GCO2E_EUR","Autres activités récréatives et de loisirs"
2025,"94.11Z",111,4,"GCO2E_EUR","Activités des organisations patronales et consulaires"
2025,"94.12Z",133,4,"GCO2E_EUR","Activités des organisations professionnelles"
2025,"94.20Z",125,4,"GCO2E_EUR","Activités des syndicats de salariés"
2025,"94.91Z",104,4,"GCO2E_EUR","Activités des organisations religieuses"
2025,"94.92Z",149,4,"GCO2E_EUR","Activités des organisations politiques"
2025,"94.99Z",104,4,"GCO2E_EUR","Autres organisations fonctionnant par adhésion volontaire"
2025,"95.11Z",135,4,"GCO2E_EUR","Réparation d'ordinateurs et d'équipements périphériques"
2025,"95.12Z",126,4,"GCO2E_EUR","Réparation d'équipements de communication"
2025,"95.21Z",124,4,"GCO2E_EUR","Réparation de produits électroniques grand public"
2025,"95.22Z",127,4,"GCO2E_EUR","Réparation d'appareils électroménagers et d'équipements pour la maison et le jardin"
2025,"95.23Z",109,4,"GCO2E_EUR","Réparation de chaussures et d'articles en cuir"
2025,"95.24Z",128,4,"GCO2E_EUR","Réparation de meubles et d'équipements du foyer"
2025,"95.25Z",121,4,"GCO2E_EUR","Réparation d'articles d'horlogerie et de bijouterie"
2025,"95.29Z",119,4,"GCO2E_EUR","Réparation d'autres biens personnels et domestiques"
2025,"96.01A",134,4,"GCO2E_EUR","Blanchisserie-teinturerie de gros"
2025,"96.01B",146,4,"GCO2E_EUR","Blanchisserie-teinturerie de détail"
2025,"96.02A",122,4,"GCO2E_EUR","Coiffure"
2025,"96.02B",143,4,"GCO2E_EUR","Soins de beauté"
2025,"96.03Z",138,4,"GCO2E_EUR","Services funéraires"
2025,"96.04Z",141,4,"GCO2E_EUR","Entretien corporel"
2025,"96.09Z",141,4,"GCO2E_EUR","Autres services personnels n.c.a."
2025,"97.00Z",NA,NA,"GCO2E_EUR","Activités des ménages en tant qu'employeurs de personnel domestique"
2025,"98.10Z",NA,NA,"GCO2E_EUR","Activités indifférenciées des ménages en tant que producteurs de biens pour usage propre"
2025,"98.20Z",NA,NA,"GCO2E_EUR","Activités indifférenciées des ménages en tant que producteurs de services pour usage propre"
